"> 时间","> 描述","> 类别标签","> 开始日期","> 结束日期","> 备注","> 标识码"
"1.490","Pat及C++IDE","1C","2016-03-01 18:51:18","2016-03-01 20:20:43","","vjHb4djEQIKLu7q9-yKZpQ"
"2.017","Pat及C++IDE","1C","2016-03-01 15:29:51","2016-03-01 17:30:51","","8kTx-6ihTvW1f3Ve-MFotw"
"0.483","实习的事","4O","2016-03-01 15:00:51","2016-03-01 15:29:51","","PxX46IBFTIKHyrNSfEeeDw"
"1.000","银行补办","4O","2016-03-01 13:45:51","2016-03-01 14:45:51","","mhd6xhrPSsSGmU8izNpGRQ"
"0.333","恶习","4Pr","2016-03-01 13:10:51","2016-03-01 13:30:51","","tqgrxYgfR_6KV2a1IKhhbA"
"0.187","Pat看题","1C","2016-03-01 11:25:10","2016-03-01 11:36:23","","dQEmGfL0SVe9qCmUSZrbKQ"
"0.333","看电影","4E","2016-03-01 10:55:23","2016-03-01 11:15:23","","6lnWkwRIR9OAxiBdxwG0ww"
"1.917","评审回复","4BK","2016-03-01 08:45:56","2016-03-01 10:40:56","","7T8hO18DQ6uJz1UkoBV3yw"
"0.400","日记","2PM","2016-03-01 08:15:24","2016-03-01 08:39:24","","djTOaoSaSFu_yFBWC-zEeA"
"2.213","CashBus 整理Stack模型","1P","2016-02-29 21:17:31","2016-02-29 23:30:17","","H7cmyPHjRXuX3t1MKEWzlQ"
"0.750","看电视剧","4Pr","2016-02-29 20:15:17","2016-02-29 21:00:17","","MDBheMtSTZWe_1Y56q3Swg"
"1.333","CashBus 想着弄Stack模型，但状态差","1P","2016-02-29 18:40:28","2016-02-29 20:00:28","","nYOC0yr6TjuI30MX7VC5Ew"
"0.333","CashBus 想特征工程","1P","2016-02-29 17:00:27","2016-02-29 17:20:27","","4FXL5ES0Tne_4-h0akVQhg"
"1.206","论文回复","4BK","2016-02-29 15:48:05","2016-02-29 17:00:27","","FXSm6qXaSQCpiCD_vWshcg"
"1.399","论文回复","4BK","2016-02-29 13:56:33","2016-02-29 15:20:29","","esGJRKz3Qk-M8Tamq8fMvA"
"2.167","CashBus 分析参数","1P","2016-02-29 09:30:54","2016-02-29 11:40:54","","7cr55x98RSC_YYHRQ7l01A"
"0.583","看电视剧","4Pr","2016-02-29 08:50:47","2016-02-29 09:25:47","","vBB9YyoyRk2BnZF0s2j_Gw"
"1.000","想怎么提交","1P","2016-02-28 22:45:47","2016-02-28 23:45:47","","URkCMfsoTXuV7ztLJhLw4w"
"2.500","一边弄CashBus一边听课","3OL","2016-02-28 20:00:47","2016-02-28 22:30:47","","8N9Ti6WcRBaMOc2v1PEP_A"
"0.500","CashBus 模型融合","1P","2016-02-28 19:20:47","2016-02-28 19:50:47","","dqhz-VTtTH-oNmfK9U2D0w"
"2.000","跟老乡走","4O","2016-02-28 16:00:47","2016-02-28 18:00:47","","9d-xcNnMSe-Zp3EP-gc1ZA"
"1.000","CashBus 模型融合","1P","2016-02-28 15:00:47","2016-02-28 16:00:47","","WHd19MWzQgCNEI01Hcj0vA"
"0.833","跟老乡聊","4Pr","2016-02-28 14:00:30","2016-02-28 14:50:30","","pzaw1VfTQFal-90TTfhONQ"
"1.000","CashBus 模型融合","1P","2016-02-28 11:30:55","2016-02-28 12:30:55","","J9zWsuy-TbWe41fC0QTciA"
"0.467","瞎去弄一个leetcode","4Pr","2016-02-28 10:50:46","2016-02-28 11:18:46","","pAG0NQhFRvaSR3fGesNYrQ"
"0.500","CashBus 模型融合","1P","2016-02-28 10:20:46","2016-02-28 10:50:46","","ZIgMO9eoSyaRQSIx4NiQlA"
"0.333","CashBus 思考","1P","2016-02-28 09:45:23","2016-02-28 10:05:23","","IBNTrGD0Q1KzD0XQLOhjNQ"
"0.167","日记","2PM","2016-02-28 09:35:23","2016-02-28 09:45:23","","0VoM2HpLQoWX9iIbA9v4KQ"
"0.250","CashBus xgblinear","1P","2016-02-28 09:15:58","2016-02-28 09:30:58","","TnX5pskYTUyp2kcHlLn90A"
"0.500","手机欠费的事","4O","2016-02-28 08:40:58","2016-02-28 09:10:58","","cg5nsggKQVGQ9mlUMyIUyQ"
"2.500","CashBus 瞎想","1P","2016-02-27 20:30:58","2016-02-27 23:00:58","","KCbu5lgLS9G6Aq2zvex9XA"
"1.500","逛超市","4Pr","2016-02-27 18:30:58","2016-02-27 20:00:58","","jor0Ob_7SkOsJxESw5edig"
"0.500","CashBus ","1P","2016-02-27 16:50:17","2016-02-27 17:20:17","","QThGK5i3Q5eO_khrnONtng"
"1.517","看综艺节目","4E","2016-02-27 15:15:58","2016-02-27 16:46:58","","VuwEfohzQFeyBDU6oC--Ng"
"1.328","CashBus  瞎弄","1P","2016-02-27 13:41:11","2016-02-27 15:00:51","","qREbY-11TzGWcfj11Olubg"
"0.500","CashBus  svr和xgb linear","1P","2016-02-27 11:20:39","2016-02-27 11:50:39","","moKncXTYRqK4b6vsglFhag"
"1.500","评审回复","4BK","2016-02-27 09:30:39","2016-02-27 11:00:39","","8xytrkpzQgCMbs_fcM4RTg"
"0.667","CashBus  思考","1P","2016-02-27 08:40:14","2016-02-27 09:20:14","","zyo_eMIJQxWF5pbVZ7PhMA"
"0.250","日记","2PM","2016-02-27 08:25:14","2016-02-27 08:40:14","","Redhu-YmTFyoqwBrE0ZbBA"
"0.417","早晨来后琐事","4Pr","2016-02-27 08:00:14","2016-02-27 08:25:14","","PVosE3bXQ9CWWS9qeCBNvQ"
"2.000","CashBus ","1P","2016-02-26 21:30:23","2016-02-26 23:30:23","","zc07Zl1uSt-yY9Q88J4BGg"
"2.028","CashBus 弄得太慢","1P","2016-02-26 19:03:10","2016-02-26 21:04:52","","5JQN1ogrT-2tGKUHYQGteA"
"1.900","读论文及想怎么回答问题","4BK","2016-02-26 15:11:51","2016-02-26 17:05:52","","qsjN5Q-gQrikvtQ5CuR7cA"
"0.667","读论文","4BK","2016-02-26 14:15:42","2016-02-26 14:55:42","","dRXKcW08Ql-s0aCb7hgVoQ"
"0.333","看电视剧","4Pr","2016-02-26 13:55:35","2016-02-26 14:15:35","","l2J4Ih7mSTeI8_oK0B8dgA"
"1.333","CashBus整理代码","1P","2016-02-26 11:00:42","2016-02-26 12:20:42","","bVJkCtcwRD6_cRDV7yKlqg"
"0.667","大师姐来后，跟周围人扯淡","4Pr","2016-02-26 10:20:42","2016-02-26 11:00:42","","7dY3PWfBQg6nFAXaAhnZaQ"
"0.550","CashBus，瞎想","1P","2016-02-26 09:45:39","2016-02-26 10:18:39","","9zXyxvx7QUqTkv3NWup4Eg"
"0.333","日记","2PM","2016-02-26 09:10:39","2016-02-26 09:30:39","","fNNDOWRYQZGybRggfoJR2w"
"1.000","CashBus 模型调节","1P","2016-02-25 22:30:00","2016-02-25 23:30:00","","7vmQOxdARkWfmdb4y7wBvA"
"2.000","CashBus添加模型;状态差","1P","2016-02-25 19:30:45","2016-02-25 21:30:45","","m9H75O4WQOuCtziP7CsK0g"
"0.345","跟boss聊","4BK","2016-02-25 19:09:50","2016-02-25 19:30:32","","UdX2WSWMSgaRdiwkmkktEw"
"0.667","阅读评审意见","4BK","2016-02-25 18:20:20","2016-02-25 19:00:20","","4EE-exfuQrqauFfdWLi50g"
"0.167","CashBus 整理测试代码","1P","2016-02-25 18:10:20","2016-02-25 18:20:20","","XwRN6i-AQ0imMIEzIuovVw"
"0.667","CashBus 整理测试代码","1P","2016-02-25 16:20:44","2016-02-25 17:00:44","","WzMQHxYlT62li5wK8Ky8CA"
"2.367","CashBus 整理代码","1P","2016-02-25 13:40:39","2016-02-25 16:02:39","","V94nO61mS2WL8ZA0UL5MpA"
"0.417","看电视剧","4Pr","2016-02-25 12:50:49","2016-02-25 13:15:49","","CIb7eGaUQuS1kzN7-ECxHw"
"0.672","读论文","4BK","2016-02-25 11:13:46","2016-02-25 11:54:06","","Jlj2NUpfQOawFCtOBcVGlA"
"0.966","读论文","4BK","2016-02-25 09:53:06","2016-02-25 10:51:05","","Sqi90FouSkCyIsJc3Jpgvg"
"0.333","日记","2PM","2016-02-25 09:15:13","2016-02-25 09:35:13","","uvS1cfeSRvOryOIUk2TPsQ"
"0.417","早晨来后琐事","4Pr","2016-02-25 08:50:13","2016-02-25 09:15:13","","WGUQ5YuqQt2rvFdcVZ3ZMw"
"0.817","CashBus提交","1P","2016-02-24 23:10:29","2016-02-24 23:59:29","","yVJyO2TUQRqCuE8MMx0wpw"
"1.000","拆书战队","2R","2016-02-24 22:00:29","2016-02-24 23:00:29","","bzfUNCbESDeXtqsPgoGlvA"
"1.033","Python程序问题","1P","2016-02-24 20:30:47","2016-02-24 21:32:47","","CGjjs9E1QLGqFpxrBbDsRw"
"1.350","CashBus思路不清，浪费时间","1P","2016-02-24 19:00:10","2016-02-24 20:21:10","","l3NnVz20RD6MeD-iNkU6Pg"
"0.333","晚饭后瞎看","4Pr","2016-02-24 18:25:19","2016-02-24 18:45:19","","E2tz03K0TlmHtpi_QNefRA"
"2.501","Xu论文","4BK","2016-02-24 14:45:43","2016-02-24 17:15:48","","iNwC-Q4hTKqz7J6_p4nYvA"
"1.250","CashBus，符号值分析及运行","1P","2016-02-24 13:15:52","2016-02-24 14:30:52","","0Q8S-OAPR4eXj3L_tXD42Q"
"1.592","CashBus 符号值分析","1P","2016-02-24 10:04:40","2016-02-24 11:40:10","","iRRsR_GeQ8SPSo-WcJqjuQ"
"0.167","CashBus分析","1P","2016-02-24 09:50:58","2016-02-24 10:00:58","","A_Bmzx3nQeyFNdOBahORcw"
"0.333","家里的事","4O","2016-02-24 09:30:58","2016-02-24 09:50:58","","VYCHJX08SGOaigYYN6WG3A"
"0.417","日记","2PM","2016-02-24 09:05:58","2016-02-24 09:30:58","","6P12Om7aQiiz237DBl4E7w"
"0.183","Xu程序","4BK","2016-02-24 08:50:47","2016-02-24 09:01:47","","ddE4iymISeWclPNJk5rsDg"
"0.250","早晨来后琐事","4Pr","2016-02-24 08:30:47","2016-02-24 08:45:47","","E058noaXTLyUQQzquQGUlQ"
"0.773","CashBus，乱弄，思路不清","1P","2016-02-23 21:05:04","2016-02-23 21:51:27","","oQ9e7Rt6SVyxWrvh77w0tg"
"0.250","家里的事","4O","2016-02-23 20:40:27","2016-02-23 20:55:27","","H3dW5zGXS8-vLytBMk_76w"
"1.333","CashBus，分析模型","1P","2016-02-23 19:10:41","2016-02-23 20:30:41","","Tym2LIiXTPe5lukXud-XKA"
"1.333","CashBus，精神状态差","1P","2016-02-23 16:35:12","2016-02-23 17:55:12","","Dmg5IspaRt68sOP4sXr31A"
"0.906","Xu论文","4BK","2016-02-23 15:30:56","2016-02-23 16:25:17","","q66F8c3dQ2GGkkOPghGPAw"
"0.500","CashBus，思路不清，乱弄一通","1P","2016-02-23 14:40:51","2016-02-23 15:10:51","","sFwCCLVURtux_MIeywJ6gA"
"1.417","家里的事","4O","2016-02-23 13:05:51","2016-02-23 14:30:51","","0IVRFjV2TG6lY0r3fyRHEg"
"1.250","Xu论文","4BK","2016-02-23 10:30:51","2016-02-23 11:45:51","","sP94SlF_Scu2H8j00gq2yA"
"0.233","CashBus","1P","2016-02-23 10:15:00","2016-02-23 10:29:00","","94OuLyGGSdOl1gFEbSwf3A"
"0.417","日记","2PM","2016-02-23 09:50:00","2016-02-23 10:15:00","","06AVOuGrTT6daRbhzHDI1w"
"0.157","阅读","2R","2016-02-23 09:38:12","2016-02-23 09:47:38","","Rs1H01WmQpygvawaJVdaCA"
"0.667","阅读","2R","2016-02-23 08:40:43","2016-02-23 09:20:43","","4jl4aCJHRta5KQOJk4SCeA"
"1.610","CashBus","1P","2016-02-22 22:18:28","2016-02-22 23:55:05","","jAMa08uQSJ2VpSbJkfvEgQ"
"0.567","机器学习的一个总结","1A","2016-02-22 20:45:59","2016-02-22 21:19:59","","9ehZmH_-TwKe0FndpDZgZA"
"2.063","成长会机器学习小组","3OL","2016-02-22 18:39:46","2016-02-22 20:43:34","","mW6RD0eWR1C7PCEw4Kta3g"
"0.849","Xu论文","4BK","2016-02-22 16:09:21","2016-02-22 17:00:18","","Qc540yUETqeko8mumyeI1Q"
"1.285","Xu程序","4BK","2016-02-22 14:32:05","2016-02-22 15:49:12","","dDZUkeH7QfaWnf7SVfDWKw"
"0.333","Xu程序","4BK","2016-02-22 11:50:21","2016-02-22 12:10:21","","7eJgAgjeSNqaSuZlOn2aGQ"
"0.583","日记及一些问题","2PM","2016-02-22 11:15:21","2016-02-22 11:50:21","","aVgwQYWKRhul6-8sC9ag1Q"
"0.333","CashBus整理分析","1P","2016-02-22 10:55:21","2016-02-22 11:15:21","","6pWppYYRScyMKHha5Sk0zg"
"0.233","Xu程序","4BK","2016-02-22 10:30:21","2016-02-22 10:44:21","","9ErUbTN-S5q2CVsUqwSaiA"
"1.000","早晨","4O","2016-02-22 09:20:21","2016-02-22 10:20:21","","3ECY5VB8Q4CVDSTC8MEhVA"
"0.317","找斯坦福机器学习ppt","4O","2016-02-21 23:40:21","2016-02-21 23:59:21","","5hAe-XwERUaDGst6isgy4w"
"0.333","CashBus处理","1P","2016-02-21 23:00:21","2016-02-21 23:20:21","","j_av4pv_QPqG2dVUF3pfsQ"
"0.978","CashBus读log","1P","2016-02-21 21:45:27","2016-02-21 22:44:08","","88bI8s19S1enthHoH32zUQ"
"0.300","休息","4Pr","2016-02-21 21:25:41","2016-02-21 21:43:41","","XwflIp04QuC8fVkl9ls5GQ"
"2.500","Xu程序，总想着慢慢弄","4BK","2016-02-21 18:40:32","2016-02-21 21:10:32","","Ep0uabhaQdeUadnyxfHdJg"
"1.500","被恶习影响","4Pr","2016-02-21 15:30:21","2016-02-21 17:00:21","","ok0YpWxwQS-HK4HdsQBiXw"
"0.483","什么都不想干","4Pr","2016-02-21 15:00:55","2016-02-21 15:29:55","","FaSp8u-BQw6lNGZEQbgtkg"
"0.500","跟同学乱聊","4Pr","2016-02-21 14:30:55","2016-02-21 15:00:55","","bsLq7A68SNq8PbyqzDfBsA"
"0.500","CashBus,分析","1P","2016-02-21 14:00:55","2016-02-21 14:30:55","","P5UVwcBpRqGPDk7ymP4X8g"
"0.542","CashBus,分析","1P","2016-02-21 13:23:07","2016-02-21 13:55:37","","_45xirmlR0a1fC5i6tEFhw"
"1.333","一会想这，一会想那","4Pr","2016-02-21 10:40:25","2016-02-21 12:00:25","","d0RrvnWzRQ22dYgVoh39bA"
"0.500","CashBus","1P","2016-02-21 10:00:23","2016-02-21 10:30:23","","lv4dKKXXR3K0M3r2IiKH1Q"
"0.750","心里难受，看暴走大事件","4Pr","2016-02-21 09:00:23","2016-02-21 09:45:23","","QP-34yq6QVaF8KdAoB92WA"
"0.750","早晨","4O","2016-02-21 08:00:23","2016-02-21 08:45:23","","yZgYh1vwTkSnfc-COwJn3Q"
"1.429","排序算法","1C","2015-10-25 09:55:33","2015-10-25 11:21:16","","1ZjQjdGKSamP4sp7vbqX4w"
"1.833","《如何高效的学习》","2R","2015-10-24 20:10:26","2015-10-24 22:00:26","","VWsFTODTR864O03w0g32cw"
"2.500","恶习","4Pr","2015-10-24 16:00:13","2015-10-24 18:30:13","","Z4Iphj1OSjmM8KCHjfCJ8g"
"2.500","打印登记表 整理TEMP文件夹 整理百度云管家等闲事","4Pr","2015-10-24 13:00:39","2015-10-24 15:30:39","","6DsYtlwEQM6ZqHgqfFafQw"
"0.500","本来要写日记，但跟着彪哥订起了外卖","4Pr","2015-10-24 11:00:56","2015-10-24 11:30:56","","DO5r-11eS2Kt_c5iaLGPEg"
"0.500","leetcode总结","1C","2015-10-24 10:30:56","2015-10-24 11:00:56","","8MMyQI_lSZWOPmHrYPdEqg"
"0.500","琅琊榜","4E","2015-10-24 09:45:21","2015-10-24 10:15:21","","IQW6M8S-TdSvR6dL_hrhKw"
"1.000","英语朗读训练","2E","2015-10-24 08:20:30","2015-10-24 09:20:30","","H8MKt0w4Sj2AMyy2mm4ceg"
"0.500","瞎整理及乱看手机","4Pr","2015-10-24 07:45:27","2015-10-24 08:15:27","","BTkRULq5TNKZiJtv9oJoCA"
"0.250","《格局逆袭》","2R","2015-10-23 23:25:10","2015-10-23 23:40:10","","27xanmFNRYaRAYmPPsOvQQ"
"0.583","跟胡虎讨论问题","3OL","2015-10-23 21:15:26","2015-10-23 21:50:26","","1VEJhWcIQMa-WrzKXCbPug"
"0.250","Xu程序","4BK","2015-10-23 21:00:26","2015-10-23 21:15:26","","eGFWMTM7S9aczxoR4gAXEg"
"0.550","Xu程序","4BK","2015-10-23 20:20:45","2015-10-23 20:53:45","","NoFAJSIqQ1iiOGkl8PLLEA"
"0.333","跟胡虎讨论问题","3OL","2015-10-23 20:00:45","2015-10-23 20:20:45","","YPItZ4ODTzuKnnqkSpZmbA"
"0.834","Xu程序","4BK","2015-10-23 19:10:15","2015-10-23 20:00:16","","RH7ljXj3Q6SqGeC3zkWh9A"
"0.333","玩手机","4Pr","2015-10-23 18:30:42","2015-10-23 18:50:42","","pq1G9pS8QGuXwqyrclZ1-A"
"0.855","Xu程序","4BK","2015-10-23 16:39:37","2015-10-23 17:30:54","","E-1Px2_2TFCqiNmy3TR4LQ"
"0.529","leetcode","1C","2015-10-23 15:54:40","2015-10-23 16:26:25","","1HSfSEKlT4WYarSUeYYzSw"
"1.473","leetcode","1C","2015-10-23 14:10:35","2015-10-23 15:38:57","","gzN813foTl-XJJaJgTNRPw"
"0.817","leetcode 一道题太难想通而放弃","1C","2015-10-23 13:11:30","2015-10-23 14:00:32","","FWYDWR7mQ-mRztBUJtGTBg"
"0.198","leetcode想一道题","1C","2015-10-23 11:14:16","2015-10-23 11:26:09","","iI9hZJcjT5uGYIkSXdLIyQ"
"0.422","leetcode想一道题","1C","2015-10-23 10:43:35","2015-10-23 11:08:55","","LiwIbXiiSHClou09hxtmNw"
"0.749","leetcode","1C","2015-10-23 09:53:42","2015-10-23 10:38:37","","DcZGvpoOQDmKuKMPEmwWug"
"0.433","总结","2PM","2015-10-23 09:20:13","2015-10-23 09:46:13","","sGIN1qXJSSWUn_mSXtOtPQ"
"1.167","英语朗读训练","2E","2015-10-23 08:00:28","2015-10-23 09:10:28","","dH1q-XX1RTG05ivwGK1QDQ"
"0.250","leetcode","1C","2015-10-22 21:50:53","2015-10-22 22:05:53","","XppPFEV-SGuJs_n-YYRL4A"
"1.127","发现这个leetcode实现起来是如此简单","1C","2015-10-22 20:31:20","2015-10-22 21:38:57","","QW0YzttxSf6KckcPd750Cg"
"0.667","跟实验室的人一起瞎玩百小度","4Pr","2015-10-22 19:50:40","2015-10-22 20:30:40","","0UtfWrlIRBG-NPLMq0HJHg"
"0.333","想这个leetcode实现","1C","2015-10-22 19:30:24","2015-10-22 19:50:24","","S0LPye7mSliuTw_dNNn5Nw"
"0.500","跟实验室的同学瞎聊","4Pr","2015-10-22 19:00:24","2015-10-22 19:30:24","","xeUBioxfTRKxol-KBrnrlA"
"0.167","跟boss聊","4BK","2015-10-22 18:50:02","2015-10-22 19:00:02","","CB_ar71ASXmsr4cmrBxy-Q"
"0.333","学瑜伽 发现自己搞错了 没课","4Pr","2015-10-22 18:00:17","2015-10-22 18:20:17","","8rfHO-cDSOueC5cId8F_kA"
"0.500","Xu程序","4BK","2015-10-22 16:30:52","2015-10-22 17:00:52","","VQru4vdZTsKffMtQ7ImWKg"
"0.500","跟彪哥和胡虎打赌玩","4Pr","2015-10-22 16:00:52","2015-10-22 16:30:52","","Y3jBzIWMRuqfc4g2RvL8ow"
"0.621","leetcode 想不好怎么实现","1C","2015-10-22 15:18:51","2015-10-22 15:56:06","","4XiwNmqrRA2qzBKBqStBQg"
"1.251","leetcode 及Python语法","1C","2015-10-22 13:48:39","2015-10-22 15:03:43","","-gGKwxiiQhe282LP-iLScA"
"1.750","发票报销","4BR","2015-10-22 09:45:54","2015-10-22 11:30:54","","VDAQ1WCDTxO-AyysYqPZaA"
"0.494","日记","2PM","2015-10-22 09:15:46","2015-10-22 09:45:23","","Jv1QdWHtQcuigNjxwm33pw"
"0.809","英语朗读训练","2E","2015-10-22 08:27:12","2015-10-22 09:15:46","","MaBai9-DRymr2LvWy49puA"
"0.424","英语音标","2E","2015-10-22 07:50:06","2015-10-22 08:15:34","","RSVmbSn2ROe_SHM0OTGuPg"
"0.667","排序算法","1C","2015-10-21 21:30:58","2015-10-21 22:10:58","","eHY9ODFHRQGOZI4nUou2CA"
"1.000","发票报销","4BR","2015-10-21 20:15:20","2015-10-21 21:15:20","","gdyMx70rRbeIa_nuSRi5ug"
"1.211","排序算法","1C","2015-10-21 19:01:06","2015-10-21 20:13:45","","6BwLXtZqRzqRjkKRPqXxaQ"
"1.173","Xu程序","4BK","2015-10-21 16:26:12","2015-10-21 17:36:36","","pDObBlYaQ6mlevQKV-DGqA"
"0.150","发票的事","4BR","2015-10-21 16:11:39","2015-10-21 16:20:39","","7JcwWxT2Qlupio1l_yJWig"
"1.263","排序算法","1C","2015-10-21 14:39:47","2015-10-21 15:55:34","","oy7e4-wYThilbHkKg1YsHw"
"1.217","sublime正则表达式","3OL","2015-10-21 13:15:21","2015-10-21 14:28:21","","bYVyqD9rTZWY5OZfD_pLmQ"
"0.500","排序算法","1C","2015-10-21 11:00:57","2015-10-21 11:30:57","","xV4YSaQsTVmmRd57uZHB1Q"
"1.063","排序算法","1C","2015-10-21 09:42:00","2015-10-21 10:45:48","","acpFCutQQ5Owq2DmylRzzA"
"0.167","日记","2PM","2015-10-21 09:10:10","2015-10-21 09:20:10","","De7ssbFgSgSybKYVgwYHMw"
"0.223","英语朗读训练","2E","2015-10-21 08:55:13","2015-10-21 09:08:35","","sQt2M6XPTWaQntywT4J2_g"
"0.379","英语朗读训练","2E","2015-10-21 08:25:26","2015-10-21 08:48:12","","tezybQeZTBWXneqfWiQd-g"
"0.531","音节","2E","2015-10-21 07:48:20","2015-10-21 08:20:10","","Vrp0lDW8Q1SJIHk885tlkg"
"1.178","MLEM2","4BK","2015-10-20 20:55:11","2015-10-20 22:05:51","","TNmwAUKnSCaV2oQ3R60b1w"
"0.900","给同学牵红线","4Pr","2015-10-20 19:40:28","2015-10-20 20:34:28","","6d8yCMC4Q2Slm4wm90Q1iQ"
"0.618","Xu程序","4BK","2015-10-20 19:03:14","2015-10-20 19:40:19","","fUdKwioOTeGTrCNILNHuGA"
"0.417","操场练","2S","2015-10-20 18:20:44","2015-10-20 18:45:44","","r58Lf-kUQsu-l_XS8EdqRw"
"0.500","排序算法","1C","2015-10-20 16:36:51","2015-10-20 17:06:52","","l7ax9-VMRF-aMNLGU4sVOQ"
"0.873","排序算法","1C","2015-10-20 15:21:06","2015-10-20 16:13:30","","AB7vqY7dR_W1bjT8sUnYrQ"
"1.200","排序算法","1C","2015-10-20 13:50:49","2015-10-20 15:02:49","","H2u1422ERnqHjqSJvXC_eA"
"0.250","排序问题","1C","2015-10-20 11:45:02","2015-10-20 12:00:02","","84vuLH2hT-Kc5i1xsxO8QA"
"2.000","周日记","2PM","2015-10-20 09:30:16","2015-10-20 11:30:16","","y8TESO-6Rz2I2-EdBdNzNQ"
"0.750","英语朗读训练","2E","2015-10-20 08:20:47","2015-10-20 09:05:47","","S4Qg2u1cRxe7F15Kprbqew"
"0.417","操场练","2S","2015-10-19 22:15:44","2015-10-19 22:40:44","","PF8njSktQae20yzLiHWkQA"
"1.417","许程序及相关理论","4BK","2015-10-19 19:25:58","2015-10-19 20:50:58","","7xJEmV-4TcS9RtnGcJ1xeA"
"0.701","许程序及讨论","4BK","2015-10-19 18:33:28","2015-10-19 19:15:32","","EBuFw6C8RiuCZ0Kqo4tyvA"
"1.333","许程序","4BK","2015-10-19 15:40:01","2015-10-19 17:00:01","","CmKQKNhxQ2qKnN84SLt8Wg"
"0.593","许程序","4BK","2015-10-19 14:45:03","2015-10-19 15:20:39","","ynbiuZnBQCeJz-TMuc2fow"
"0.816","许程序","4BK","2015-10-19 13:43:17","2015-10-19 14:32:13","","mMZcUZsfS8KiQl4-GaxljQ"
"0.500","《如何高效的学习》","2R","2015-10-19 11:30:44","2015-10-19 12:00:44","","ieglAyi_TOaDEplXD87yow"
"1.917","同学打电话","4O","2015-10-19 09:20:10","2015-10-19 11:15:10","","1OHIl_5hQjiZqs0rBGSvKw"
"0.341","《如何高效的学习》","2R","2015-10-19 08:55:26","2015-10-19 09:15:52","","Vp96v1rbR-mgFf-4cblxig"
"0.578","英语朗读训练","2E","2015-10-19 07:50:56","2015-10-19 08:25:37","","i8QHY-qZRO-gQmRVN_DpfA"
"0.396","英语朗读训练","2E","2015-10-19 07:23:45","2015-10-19 07:47:29","","rCLE8fzBQyKjCABRrVcd4Q"
"1.000","《如何高效的学习》瞌睡的不行","2R","2015-10-18 21:00:38","2015-10-18 22:00:38","","QXBQ5rIDRT-P8dTX4bq6HQ"
"7.000","同学来找自己玩","4Pr","2015-10-18 08:30:46","2015-10-18 15:30:46","","_ltdU4-cRN6kZHkuKVkFGA"
"2.000","装操作系统及心里很乱","4Pr","2015-10-17 19:30:36","2015-10-17 21:30:36","","FtVeE_9BSxecWDdaOKjJ4Q"
"0.500","状态差","4Pr","2015-10-17 19:00:35","2015-10-17 19:30:35","","YoJRePuPQvuuM4eTgrGi7Q"
"0.333","跟boss讨论","4BK","2015-10-17 18:35:00","2015-10-17 18:55:00","","KAx4oGimRtetaScmOmIhrg"
"0.500","下近似求规则","4BK","2015-10-17 17:00:49","2015-10-17 17:30:49","","BBRHHeCQT5OVMf5AnmhBbA"
"0.500","跟胡虎讨论问题","4O","2015-10-17 16:30:49","2015-10-17 17:00:49","","QsEF94BPS82SPRIy_3a6GA"
"1.000","装操作系统","4O","2015-10-17 15:30:49","2015-10-17 16:30:49","","rUNroqHuSUiglBwkatFXKA"
"1.500","聚餐吃饭","4Pr","2015-10-17 13:30:18","2015-10-17 15:00:18","","1rmhxeD7Sa-R4F4yVjQeeA"
"2.000","看电影","4E","2015-10-17 09:30:12","2015-10-17 11:30:12","","aai6NSnJSku2rFjLQqV7Uw"
"0.250","《如何高效的学习》","2R","2015-10-17 09:05:57","2015-10-17 09:20:57","","syRUOvUcRsyWMJawQ5f5qw"
"0.500","生活中的事","4Pr","2015-10-17 08:30:33","2015-10-17 09:00:33","","KBQOdqYfQceDe_8jdo45PA"
"0.500","《如何高效的学习》","2R","2015-10-17 07:55:08","2015-10-17 08:25:08","","XvCqxDWDSfacS4XZbyEE8g"
"0.667","英语朗读训练","2E","2015-10-16 22:50:18","2015-10-16 23:30:18","","6h5dgCunT06RJJ_6MADneA"
"1.000","想Xu程序的问题","4BK","2015-10-16 20:30:51","2015-10-16 21:30:51","","b5KrvwmgTsep_4_D5jurjg"
"0.500","跟同学聊","4Pr","2015-10-16 20:00:51","2015-10-16 20:30:51","","TFFoN2rdQJuWXDquEAUj0A"
"0.498","Xu程序","4BK","2015-10-16 19:30:08","2015-10-16 20:00:02","","d17wXHbQTSiOSkeiXuVg0w"
"0.517","LeetCode","1C","2015-10-16 18:40:33","2015-10-16 19:11:33","","Nlx8g7pSQ56ajDoUoSdSqA"
"1.175","LeetCode","1C","2015-10-16 16:04:47","2015-10-16 17:15:17","","ltLcYNMpRZmiNs0UjF0orw"
"0.541","LeetCode 想一道题","1C","2015-10-16 15:17:49","2015-10-16 15:50:17","","1IoN7VaUSVeDXldHe8hKuw"
"0.836","LeetCode","1C","2015-10-16 14:14:53","2015-10-16 15:05:04","","sxds08YgRGKuk-X2aU1N9w"
"0.417","跟张瞎聊qq","4Pr","2015-10-16 13:40:03","2015-10-16 14:05:03","","E0jmwGadSmCy7wIw5eqeeA"
"0.500","论文修改","4BK","2015-10-16 11:10:35","2015-10-16 11:40:35","","50FC7RcZTWq-x0tzQcwOZg"
"0.662","论文修改","4BK","2015-10-16 10:23:47","2015-10-16 11:03:30","","u4MksVA9RCG7o_nfT94aAA"
"0.583","LeetCode总结","1C","2015-10-16 09:30:54","2015-10-16 10:05:54","","6mx1NbcPSmCKq5wMNlONaQ"
"0.333","日记","2PM","2015-10-16 09:10:54","2015-10-16 09:30:54","","2nIDKo4FS92Be7S-UB6wcw"
"1.567","英语朗读训练","2E","2015-10-16 07:25:25","2015-10-16 08:59:25","","io77zKxZQ7K5Ac4JlDaXXg"
"0.167","乱玩手机","4Pr","2015-10-16 07:15:23","2015-10-16 07:25:23","","yOtajtQDSYeQK8s9MzEF0Q"
"0.300","LeetCode 发现一道题因为看错题而浪费了很长时间","1C","2015-10-15 21:55:54","2015-10-15 22:13:54","","An2hSDs6RL-oY3WF27JcmA"
"0.762","LeetCode","1C","2015-10-15 20:58:47","2015-10-15 21:44:31","","FFHQLq1CT823N9yTNQcu_Q"
"0.817","LeetCode","1C","2015-10-15 19:50:24","2015-10-15 20:39:24","","13GwS2X_SKGsRLR_N3Wglw"
"0.333","讨论买电影票的事","4E","2015-10-15 19:30:24","2015-10-15 19:50:24","","zXyurcxtTYOD-naDQFH-Hg"
"1.167","瑜伽","2S","2015-10-15 18:00:43","2015-10-15 19:10:43","","BQ9eHwtiTKCFwlZMsyulzA"
"0.250","跟老代及胡虎聊","4BK","2015-10-15 16:45:39","2015-10-15 17:00:39","","3PCsdxhJRz2RX-7Qe9gm5g"
"1.204","LeetCode 知道思路的一道题","1C","2015-10-15 15:28:14","2015-10-15 16:40:27","","L_ItjUcSQmmSJsgPXzo5Gw"
"0.333","状态差","4Pr","2015-10-15 15:00:24","2015-10-15 15:20:24","","poAvxR3cSUWQNoW6eR-AdQ"
"0.862","论文检查","4BK","2015-10-15 14:05:33","2015-10-15 14:57:17","","ipKcHqIwRVOdu6StF8OllQ"
"0.500","娱乐节目","4E","2015-10-15 13:00:34","2015-10-15 13:30:34","","Z6ax_AzCSumICbFTTzSInQ"
"0.659","论文检查","4BK","2015-10-15 11:20:40","2015-10-15 12:00:12","","hPwQX7yFT6CYS8XtA8pz_Q"
"0.911","论文检查","4BK","2015-10-15 10:11:42","2015-10-15 11:06:20","","Vhm66tFaQRCwgImvPg_LLw"
"0.250","日记","2PM","2015-10-15 09:50:36","2015-10-15 10:05:36","","rtOwM-ZwTpaDJrYDM93NUA"
"0.417","LeetCode总结","1C","2015-10-15 09:25:36","2015-10-15 09:50:36","","igCZmXd0TJOrlejC0bJLUw"
"0.750","英语朗读训练","2E","2015-10-15 08:25:13","2015-10-15 09:10:13","","IU6hXX39TFWR5GSjDqXW7g"
"0.250","宿舍练","2S","2015-10-14 23:15:30","2015-10-14 23:30:30","","349q5DMFS3uZnY4_vqly7g"
"1.500","论文检查","4BK","2015-10-14 21:00:46","2015-10-14 22:30:46","","yTqJBGApTV62Cio-JXlHdg"
"1.972","LeetCode一道简单题 遇到些麻烦","1C","2015-10-14 18:37:13","2015-10-14 20:35:32","","5g52ZhW4SzepvBm12TzyIg"
"0.594","论文检查","4BK","2015-10-14 16:29:59","2015-10-14 17:05:38","","y7qId48PRdSFx9nUmAyVJQ"
"0.419","论文检查","4BK","2015-10-14 15:50:42","2015-10-14 16:15:50","","42Sp4mCpQjyVVf9uvJFA1g"
"0.571","LeetCode","1C","2015-10-14 15:00:58","2015-10-14 15:35:15","","TbauNqnDSi-ImLZhMkzlxg"
"0.907","LeetCode 想一道题","1C","2015-10-14 13:46:23","2015-10-14 14:40:49","","s1q3UY-3T_W6s8EIXfK9Pw"
"0.250","乱读","4Pr","2015-10-14 13:30:01","2015-10-14 13:45:01","","3-SDwm2qRNmWTrUplrrYiA"
"0.819","LeetCode","1C","2015-10-14 11:10:40","2015-10-14 11:59:48","","N9Kkyl1oRwq0uUxTyIvZaw"
"0.310","LeetCode 想一道题 被QQ打断","1C","2015-10-14 10:45:57","2015-10-14 11:04:33","","u3kZNo-GQUaDH7Ctz6Puzw"
"0.200","日记","2PM","2015-10-14 10:25:46","2015-10-14 10:37:46","","uBCzwawNSYy1HJ0uFbmctw"
"1.117","总结昨天leetcode","1C","2015-10-14 09:13:52","2015-10-14 10:20:54","","Rar1eI7mRQe5XTtSbMH7sg"
"1.433","英语朗读训练","2E","2015-10-14 07:45:46","2015-10-14 09:11:46","","DZbWDs47Tt26-d5TcsqMuQ"
"0.500","《如何高效的学习》","2R","2015-10-13 22:20:44","2015-10-13 22:50:44","","bq48NTVVQ3qPCqD787Cfww"
"0.198","leetcode","1C","2015-10-13 21:34:27","2015-10-13 21:46:19","","G1ITvkSfSoeqMMU7g0Az-g"
"0.609","LeetCode 基数排序","1C","2015-10-13 20:44:23","2015-10-13 21:20:55","","Q-cRA_3DQI2roYn6uUqlvw"
"0.803","Xu程序","4BK","2015-10-13 19:40:47","2015-10-13 20:28:59","","5DBFIxNnTI6oUGv79-7qOQ"
"1.083","瑜伽课","2S","2015-10-13 18:00:47","2015-10-13 19:05:47","","8mihdOIrSpulX-xz75ZLUQ"
"0.421","Xu程序","4BK","2015-10-13 16:39:09","2015-10-13 17:04:25","","achhKgi0SeGr7JkqOKMGcw"
"0.762","leetcode 一个点没想到","1C","2015-10-13 15:43:13","2015-10-13 16:28:56","","p26NMnGGRbOzUwL193ZdKA"
"1.000","leetcode","1C","2015-10-13 14:30:04","2015-10-13 15:30:04","","ZHjbojMFTwGfcEUblaqLWA"
"0.567","leetcode","1C","2015-10-13 13:40:20","2015-10-13 14:14:20","","9rgBsbyHRoiDNN2LzbJARQ"
"1.146","leetcode","1C","2015-10-13 10:41:55","2015-10-13 11:50:39","","cc2l_wuZSC2AyYB1zMkRtA"
"0.505","leetcode","1C","2015-10-13 09:58:10","2015-10-13 10:28:28","","sQAehW60TVemj0t6CTeVow"
"0.417","日记等等总结","2PM","2015-10-13 09:20:31","2015-10-13 09:45:31","","oeCNrbCvQlyAtnfpNOTUsw"
"0.667","英语朗读训练","2E","2015-10-13 08:30:08","2015-10-13 09:10:08","","IbIZYfjuQu2ZxbV8SpK6vA"
"1.623","读论文及跟boss聊","4BK","2015-10-12 20:22:40","2015-10-12 22:00:01","","ncoNS5E1TMin6ndI_n5ZPQ"
"0.316","读论文","4BK","2015-10-12 19:55:03","2015-10-12 20:14:01","","jg6QT9XMQV6GxlJ17MwC1Q"
"0.659","读论文","4BK","2015-10-12 18:58:43","2015-10-12 19:38:14","","DJXEuX8qQ2WFM8KUJJm6Yg"
"0.250","读论文","4BK","2015-10-12 17:20:18","2015-10-12 17:35:18","","7Z1YPgZvSyuWgB_l8WpWFQ"
"0.190","读论文","4BK","2015-10-12 17:04:47","2015-10-12 17:16:11","","kKmm5GXBR_urv1FlqKxFIw"
"0.750","读论文","4BK","2015-10-12 16:00:52","2015-10-12 16:45:52","","uQwml4JKTa2OvOEQVT4GcQ"
"0.910","LeetCode 想一道题","1C","2015-10-12 14:53:39","2015-10-12 15:48:15","","zyUCrXPWQbyNhEd2ehRkzA"
"0.317","Xu程序","4BK","2015-10-12 14:20:54","2015-10-12 14:39:54","","SsWz5aPpRhC7IZr0KAl-sA"
"0.821","Xu程序 跟同学聊qq","4BK","2015-10-12 13:22:22","2015-10-12 14:11:36","","wgPViRjLR0aS_GQ-dzyRuw"
"0.167","跟同学聊qq","4Pr","2015-10-12 13:10:16","2015-10-12 13:20:16","","wFPSBakhTVWhoY6s3MYEzg"
"0.517","不想学 看综艺节目","4Pr","2015-10-12 12:35:09","2015-10-12 13:06:09","","97ncYlLCREeReJOK4ZBLQg"
"1.250","学车","4O","2015-10-12 09:45:48","2015-10-12 11:00:48","","f52U01FVSMmHqL7begvEMw"
"0.333","日记","2PM","2015-10-12 09:10:30","2015-10-12 09:30:30","","pFbhzGacSBW7fibOeT6r0g"
"1.500","英语朗读训练 有20分钟用于回答问题","2E","2015-10-12 07:40:30","2015-10-12 09:10:30","","phccfcuaReqSA6oS_gbfLw"
"0.533","Xu程序","4BK","2015-10-11 22:05:50","2015-10-11 22:37:50","","VWV6UtMPSWyuM_LqgxEq9w"
"1.534","检查论文","4BK","2015-10-11 20:07:40","2015-10-11 21:39:42","","B8WmfzAcSDm1_lrzoVKctw"
"0.617","检查论文","4BK","2015-10-11 19:20:26","2015-10-11 19:57:26","","YqVXxlx7RgO97MmgZKQBPw"
"0.500","操场练","2S","2015-10-11 17:30:33","2015-10-11 18:00:33","","fBI4LQrTT2eJO549w6Ob1g"
"0.279","排序算法","1A","2015-10-11 16:51:52","2015-10-11 17:08:36","","qVAFsahZT7CQNJL3bfqRtQ"
"0.974","排序算法","1A","2015-10-11 15:46:44","2015-10-11 16:45:09","","UcB9lxxaSG2pcMHFksXP9w"
"0.921","排序算法","1A","2015-10-11 14:36:48","2015-10-11 15:32:02","","oP7bE8jfRSGVKETil2trQA"
"0.153","排序算法","1A","2015-10-11 14:21:09","2015-10-11 14:30:20","","HLNA1cEES8SxJgc3mwOkGQ"
"1.000","学车","4O","2015-10-11 12:00:40","2015-10-11 13:00:40","","TCS4kXXqTlGATFyNrAslpA"
"0.333","排序算法","1A","2015-10-11 10:30:43","2015-10-11 10:50:43","","ZcenlYlxQgm_I2STlVFhUQ"
"0.417","LeetCode 总结，只是把一道总结好的，简单的写到onenote里","1C","2015-10-11 09:55:11","2015-10-11 10:20:11","","FEF-LpgDR9aTH6X1f7IKkw"
"0.568","英语音标","2E","2015-10-11 09:07:06","2015-10-11 09:41:11","","9pZGZLk8Ruu9zXduVhVukQ"
"0.377","Xu程序状态差","4BK","2015-10-10 21:08:17","2015-10-10 21:30:55","","PfKOeE1gSauNhano2XV-mw"
"0.250","LeetCode 总结","1C","2015-10-10 20:30:23","2015-10-10 20:45:23","","_JhvYRsGS4GLAAw5Lrkl7w"
"0.967","LeetCode 一道简单题乱想","1C","2015-10-10 19:30:43","2015-10-10 20:28:43","","b9Nk2gxiTRi_PPEZD1k5hQ"
"0.619","LeetCode 想一道题","1C","2015-10-10 18:44:36","2015-10-10 19:21:45","","Zo7RpwwHSAyn0lVR6QPwUw"
"0.417","乱看手机","4Pr","2015-10-10 18:05:18","2015-10-10 18:30:18","","1YShHA5XTWW1iZisox3vpw"
"0.983","LeetCode","1C","2015-10-10 15:58:48","2015-10-10 16:57:47","","_jiSooD8SQu7ssbWmAWM0Q"
"0.647","LeetCode 变量引用问题","1C","2015-10-10 15:03:45","2015-10-10 15:42:34","","-wx2FLu2QdOHi3HH3DDk7g"
"0.300","乱看手机","4Pr","2015-10-10 14:45:06","2015-10-10 15:03:06","","2WadcFpaRSa5jvT-tuutfQ"
"1.000","瑜伽课","2S","2015-10-10 13:30:38","2015-10-10 14:30:38","","9qRTmqzzQ32wY-7XGCRX0A"
"0.727","LeetCode","1C","2015-10-10 11:29:08","2015-10-10 12:12:46","","le7Lj6nNSV-tZ-egQ2j0Fw"
"1.083","LeetCode","1C","2015-10-10 10:10:21","2015-10-10 11:15:21","","fF2DmxWnRO6RQv_QzccNIQ"
"0.350","日记","2PM","2015-10-10 09:40:39","2015-10-10 10:01:39","","xX8yajZUTfqJqyQJ0RK17g"
"0.333","昨日leetcode总结","1C","2015-10-10 09:20:39","2015-10-10 09:40:39","","4txgY8SQR3CH4kfTIOPXmg"
"0.725","英语朗读训练","2E","2015-10-10 08:22:51","2015-10-10 09:06:22","","0Ys9K89xRO6WdN93hp5SJA"
"0.692","LeetCode 想一道题","1C","2015-10-09 21:15:35","2015-10-09 21:57:05","","zIafsTMaTneXX-IijNrjWA"
"0.583","跟同学聊qq","4Pr","2015-10-09 20:35:19","2015-10-09 21:10:19","","U3N6ZVOUQwiVyKVLUR6V_w"
"0.167","跟家里打电话","4Pr","2015-10-09 20:20:51","2015-10-09 20:30:51","","DJBlS2wSQqq0YG80qeVXUw"
"1.150","LeetCode 想一道题","1C","2015-10-09 19:00:23","2015-10-09 20:09:23","","WlgaMLpDTGykqDqo51C-nw"
"0.500","操场练","2S","2015-10-09 17:30:32","2015-10-09 18:00:32","","H5YKHA1QQJOPQdZTtFv9NQ"
"0.083","LeetCode","1C","2015-10-09 16:55:28","2015-10-09 17:00:28","","9jQ1GZH5SYOLS4ikxSsZBw"
"0.965","Xu程序 状态差 效率地","4BK","2015-10-09 15:53:27","2015-10-09 16:51:22","","fa4_itugTyqc7gU6G4rPNA"
"0.248","Xu程序","4BK","2015-10-09 15:30:18","2015-10-09 15:45:10","","XqVkqm6BSLKncC487mpGUw"
"0.749","外部排序及leetcode","1C","2015-10-09 14:26:31","2015-10-09 15:11:29","","Zr6WBcYIRReSl56jk5qtMA"
"0.471","LeetCode","1C","2015-10-09 13:47:56","2015-10-09 14:16:10","","5aZ6X0CJR3uJz0ZV5Dj9jw"
"0.433","LeetCode","1C","2015-10-09 12:00:04","2015-10-09 12:26:04","","pZ8SVx0aRTuj4N0vmSrLBw"
"1.517","昨日leetcode总结","1C","2015-10-09 10:25:52","2015-10-09 11:56:52","","Fh3imw_kQZuPrNDUttVkNQ"
"0.800","想日记等","2PM","2015-10-09 09:25:17","2015-10-09 10:13:17","","K_9IhBqxSqmTF8WUaF43BQ"
"0.333","综艺节目","4E","2015-10-09 09:00:58","2015-10-09 09:20:58","","iUg5aQsMTNK6YtNE81D6Ww"
"0.333","英语朗读训练","2E","2015-10-09 08:40:01","2015-10-09 09:00:01","","R9-QoWdNQo2Jp7nOFnxIyg"
"0.906","LeetCode","1C","2015-10-08 21:40:25","2015-10-08 22:34:48","","PKNAdXVgR3Kc8ephIK9-nw"
"0.333","综艺节目","4E","2015-10-08 21:20:06","2015-10-08 21:40:06","","hdE2SXNoTYG14kPjrosp9w"
"1.266","想leetcode一道题","1C","2015-10-08 19:59:05","2015-10-08 21:15:02","","Kn7SiZP_TFe3fzFQCn9jWw"
"0.250","LeetCode","1C","2015-10-08 19:30:35","2015-10-08 19:45:35","","sbaP8g7AQc6Nv4URtwSVzA"
"0.417","QQ讨论","4BK","2015-10-08 19:05:35","2015-10-08 19:30:35","","_BjKQDrzS52ye3petlVjcg"
"0.364","LeetCode","1C","2015-10-08 18:38:16","2015-10-08 19:00:05","","fwdT9Qn7Tqm4phPllpEZzQ"
"0.833","看论文及许程序","4BK","2015-10-08 16:35:42","2015-10-08 17:25:42","","aOqbODVXQ7um-a74N2fKGw"
"0.433","LeetCode","1C","2015-10-08 16:00:28","2015-10-08 16:26:28","","0MRPiWT2RLis5eNq2aNB3w"
"0.815","LeetCode","1C","2015-10-08 14:55:01","2015-10-08 15:43:54","","_Nvu2ElkQM-JFmBR1jax8A"
"0.809","看论文","4BK","2015-10-08 13:53:47","2015-10-08 14:42:20","","GryRfvCQRFOWx5QOCoQlvA"
"0.453","看论文","4BK","2015-10-08 11:37:53","2015-10-08 12:05:02","","72GUBSRHRfWOR7BYHt9Hcw"
"0.500","LeetCode","1C","2015-10-08 10:55:28","2015-10-08 11:25:28","","IjH5bO9XRXGsy_sJa5f1tg"
"0.167","帮张弄表","4O","2015-10-08 10:40:29","2015-10-08 10:50:29","","WN5EwkaxRGWoZIxnjmExZw"
"0.500","LeetCode","1C","2015-10-08 10:00:18","2015-10-08 10:30:18","","K4OwZT3gQZ-dTLQvC_oi_Q"
"0.750","英语朗读训练","2E","2015-10-08 08:40:58","2015-10-08 09:25:58","","aqOHGpYdSZ2NMCaCYnXPAw"
"0.500","专项奖学金申请表填起来简单，但自己瞎想","4Pr","2015-10-07 23:50:13","2015-10-08 00:20:13","","ZoMcBXKyTpCicxTH6TqJHg"
"1.583","日记","2PM","2015-10-07 22:00:37","2015-10-07 23:35:37","","PU244TgLQe-GSrgaLsLotA"
"0.667","一直想着专项奖学金申请表怎么写的事","4Pr","2015-10-07 21:10:16","2015-10-07 21:50:16","","ra9PMMSmQrmSBEuf3QiFBg"
"1.333","闲着无聊 逛沃尔玛","4Pr","2015-10-07 19:30:19","2015-10-07 20:50:19","","zrrhfArnRfKG9h26UQf0Nw"
"2.000","日记转移，最终发现转移到onenote是比较好的","2PM","2015-10-07 15:00:35","2015-10-07 17:00:35","","thsXQ8KVSIGVK7C6uxAPuw"
"0.595","日记转移","2PM","2015-10-07 14:04:18","2015-10-07 14:40:00","","NF6KjeZhQdifezX6di95Aw"
"1.500","时间统计及日记整理","2PM","2015-10-07 10:00:37","2015-10-07 11:30:37","","w2xEW9GUTUy_IjWkEIdBjQ"
"1.000","英语朗读训练","2E","2015-10-07 08:40:54","2015-10-07 09:40:54","","e-Vc_JLXSQeZcdMUFlPRxw"
"3.000","手机 root","4O","2015-10-06 19:00:38","2015-10-06 22:00:38","","uHGO1ueTRmq9mng9OrG1_w"
"1.500","手机 root","4O","2015-10-06 15:30:36","2015-10-06 17:00:36","","T2eE01MYQBCgUVAygNUYGA"
"0.500","乱想","4Pr","2015-10-06 15:00:36","2015-10-06 15:30:36","","dAuBTdymQpiIISbqNdohGw"
"1.075","日记转移","2PM","2015-10-06 13:49:16","2015-10-06 14:53:45","","RlCwl8xwQymdVLYVBxoRdw"
"1.183","找资料","4BR","2015-10-06 10:40:34","2015-10-06 11:51:34","","RzKRpb0PQQeWhoV7o5x59A"
"0.333","日记","2PM","2015-10-06 10:10:18","2015-10-06 10:30:18","","_0j3B7gUQdiMgTjvrfLbAw"
"1.000","英语朗读训练","2E","2015-10-06 08:45:20","2015-10-06 09:45:20","","udUdOfXYQ2uN_-NB2U7unA"
"2.583","看电影及跟同学聊","4E","2015-10-05 21:20:45","2015-10-05 23:55:45","","ChGQOaaZRzaeg_H4yTAi-g"
"1.000","专业奖学金的事","4O","2015-10-05 20:00:42","2015-10-05 21:00:42","","mghbOOm6TIqzwNk8O4j0xw"
"1.000","乱看手机","4Pr","2015-10-05 18:45:59","2015-10-05 19:45:59","","vGWh8OZaSeK4FYH2MBFwcg"
"1.000","写日记","2PM","2015-10-05 16:30:14","2015-10-05 17:30:14","","agCPbEE1SA-XcbJC6VTYxw"
"0.583","头难受 看综艺节目","4E","2015-10-05 15:40:36","2015-10-05 16:15:36","","N0ri4MDlQF2voq6bZd-Xjg"
"1.833","弄onenote代码高亮的事","2PM","2015-10-05 13:40:49","2015-10-05 15:30:49","","1XB_MqvMR1q2Zd6nlcsEBg"
"1.000","乱想","4Pr","2015-10-05 10:40:04","2015-10-05 11:40:04","","Tgr7dmZ1QoqcOS9B3jBhHg"
"0.917","英语朗读训练","2E","2015-10-05 09:30:21","2015-10-05 10:25:21","","LHQ6VUZNT7KQx7-s0v-2jA"
"0.333","弄上网的事","4O","2015-10-05 09:05:52","2015-10-05 09:25:52","","zNxB8qABTi6cxBEHhFIuwA"
"0.833","LeetCode 找错","1C","2015-10-04 22:30:26","2015-10-04 23:20:26","","Jt6uZ_lcRDKd6YEC5EyTjA"
"0.500","LeetCode","1C","2015-10-04 21:30:44","2015-10-04 22:00:44","","2Biqmib8SaywLAbvgXogEQ"
"1.000","LeetCode 想一道题","1C","2015-10-04 20:00:25","2015-10-04 21:00:25","","ZlxwCWaKTw2ozhqbd5S0vg"
"3.000","恶习","4Pr","2015-10-04 15:30:57","2015-10-04 18:30:57","","lssSVx-ASMymuBxs1PXNog"
"1.333","LeetCode 想一道题","1C","2015-10-04 14:10:22","2015-10-04 15:30:22","","EXHDo4sqRumHNIDKxZIlBg"
"1.000","LeetCode 想一道题","1C","2015-10-04 11:00:47","2015-10-04 12:00:47","","zP1CdqPDTmalWVxNRSbqhA"
"1.000","英语朗读训练","2E","2015-10-04 09:40:10","2015-10-04 10:40:10","","fEPBvUpSTRetRGN2Dt8jhw"
"0.417","日记","2PM","2015-10-04 09:05:16","2015-10-04 09:30:16","","De5SmMa6TiCPf8ltM2zqew"
"1.050","LeetCode 一道题怎么做都是超时","1C","2015-10-03 22:00:18","2015-10-03 23:03:18","","0-yjR6swQ1asuy6B5iAKIA"
"0.483","操场练","2S","2015-10-03 21:20:17","2015-10-03 21:49:17","","RLY-u7r6Qh6-CRYWCp6aIA"
"1.060","leetcode","1C","2015-10-03 20:02:04","2015-10-03 21:05:40","","emWHDKYFTw2zLQW4u_8KRw"
"0.201","leetcode","1C","2015-10-03 19:32:02","2015-10-03 19:44:04","","ibvgJ-yYRoC5ZxGwv9Sjuw"
"1.008","日记","2PM","2015-10-03 16:19:17","2015-10-03 17:19:44","","1T2g6u1LSnO-wXnxW6rMiA"
"0.420","犹豫要不要回外国教授的邮件","4BK","2015-10-03 15:24:18","2015-10-03 15:49:31","","I0SeGpxkSYuqJkRuXZjQkw"
"0.583","LeetCode 2道题","1C","2015-10-03 14:35:51","2015-10-03 15:10:51","","-ueRNBGVQvOrbRs0voynDw"
"0.417","电脑上网问题","4O","2015-10-03 14:05:02","2015-10-03 14:30:02","","Nu8Wjb7vTLy5s479Ng2TTQ"
"0.667","LeetCode 一道题","1C","2015-10-03 11:30:59","2015-10-03 12:10:59","","1MJ0sFkMSSyBLNnW-d4skg"
"1.500","英语朗读训练；读英语及写报告","2E","2015-10-03 10:00:59","2015-10-03 11:30:59","","Y-7BuoGfTNOKwFAmld3U8w"
"1.000","同学问自己","4O","2015-10-03 09:00:50","2015-10-03 10:00:50","","U4Bhcd48R865Lp0iS6Z5Ng"
"1.000","leetcode","1C","2015-10-02 21:30:02","2015-10-02 22:30:02","","YERU3jTpQVmqozTBPP-wgw"
"2.250","打乒乓","2S","2015-10-02 19:00:55","2015-10-02 21:15:55","","prPloB4ERVGdKFYZ5-ydAA"
"1.281","跟同学聊qq（跟梅欣聊，跟胡虎和彪哥谈打乒乓）","4Pr","2015-10-02 16:46:47","2015-10-02 18:03:38","","tg9miLlJS-q_p168hFBPkQ"
"0.425","LeetCode 想一道题","1C","2015-10-02 16:01:57","2015-10-02 16:27:27","","XoNdKGh2Sk6lmasuNp0vwg"
"0.321","LeetCode 想一道题","1C","2015-10-02 15:36:10","2015-10-02 15:55:24","","l3TTYylkSJKKQpoBp_4mgQ"
"1.467","LeetCode 想一道题","1C","2015-10-02 13:40:32","2015-10-02 15:08:32","","eDX7trRLQ1W4SiBHobbVKg"
"1.833","电脑上网问题","4O","2015-10-02 09:40:54","2015-10-02 11:30:54","","P9w26zhwRByATFsnvpluDA"
"1.000","英语朗读训练","2E","2015-10-02 08:30:21","2015-10-02 09:30:21","","86b_KbkvQMKNNPrFda3V5g"
"2.400","恶习","4Pr","2015-10-01 20:16:21","2015-10-01 22:40:21","","Qo7n9Nd6RwqaCJxjGCRrKg"
"5.000","出去玩","4E","2015-10-01 13:00:56","2015-10-01 18:00:56","","ey2D8x43S128EybF1f4LCg"
"0.500","动态规划","1A","2015-10-01 11:00:37","2015-10-01 11:30:37","","neCc4f5qQB6jPToFT-cLBQ"
"2.167","乱想，日记，英语朗读","4Pr","2015-10-01 08:30:00","2015-10-01 10:40:00","","tPJRIloqSeCwPuS2AvKQRA"
"0.333","Coupon 等待结果","1P","2015-09-30 23:00:47","2015-09-30 23:20:47","","MSzOciTPQWukxUcoLHYwKQ"
"0.333","Coupon ","1P","2015-09-30 22:20:46","2015-09-30 22:40:46","","Wq0r0955T1C8hic22b5Rww"
"0.667","查出去玩的地方","4Pr","2015-09-30 21:30:12","2015-09-30 22:10:12","","fbwAef4VQUCF5Cfog_kvQQ"
"1.000","Coupon ","1P","2015-09-30 20:25:03","2015-09-30 21:25:03","","6tno0j1nTPyLsLE8silk4A"
"0.417","休息","4Pr","2015-09-30 19:55:11","2015-09-30 20:20:11","","PY2hXThjSkWahKzn-fqEFQ"
"0.272","Coupon 乱试","1P","2015-09-30 19:35:26","2015-09-30 19:51:46","","FTGyULgSSMK1KzzWTiB3dA"
"0.417","操场练","2S","2015-09-30 17:55:19","2015-09-30 18:20:19","","YjixKJRTTA2HAhaSQNIq0A"
"0.167","程序改错","1P","2015-09-30 17:20:32","2015-09-30 17:30:32","","ztfnnf4oQmmj6dv-I-MavQ"
"0.517","Coupon 测试弄到Futher上","1P","2015-09-30 16:40:03","2015-09-30 17:11:03","","KZi_guERSKWJUUiQYO65nQ"
"0.309","划分测试集","1P","2015-09-30 16:09:21","2015-09-30 16:27:55","","UEpJvW3LS_-pBcE-v1t25A"
"0.083","Coupon 分解cpvtr加快速度","1P","2015-09-30 15:50:09","2015-09-30 15:55:09","","RUOAQgxGT5GnsNcXoogU-g"
"0.938","划分测试集，没划分好。想文件相等函数，发现很难做。","1P","2015-09-30 14:46:07","2015-09-30 15:42:23","","r9h7pDl4ThWC9Dsm1N-t0A"
"0.652","在futher原版上增加了SMALL","1P","2015-09-30 13:52:53","2015-09-30 14:31:59","","_mFOn_PBSvqfqsE8UxhL7w"
"0.250","乱看手机","4Pr","2015-09-30 13:05:27","2015-09-30 13:20:27","","HKzuyGmFTH-C0iVNBS47EQ"
"0.502","Coupon 思路混乱","1P","2015-09-30 11:44:17","2015-09-30 12:14:25","","exi-2_qTQZ61X4EWjg7qDw"
"0.369","Coupon 测试结果不理想","1P","2015-09-30 11:05:54","2015-09-30 11:28:04","","daXtt0knSW2QR1vPZJtSig"
"0.624","Coupon 重新试验SMALL_AREA","1P","2015-09-30 10:17:45","2015-09-30 10:55:13","","ymFVIs6yTM-dEnTZCIx3HQ"
"0.621","Coupon cpvtr太大，难以处理","1P","2015-09-30 09:28:01","2015-09-30 10:05:17","","UEDpVh_DQ9qXKptIGrHpLA"
"0.483","日记","2PM","2015-09-30 08:50:41","2015-09-30 09:19:41","","Btt9MKAzS-y3RBjOsQOv2A"
"1.333","英语朗读训练","2E","2015-09-30 07:20:24","2015-09-30 08:40:24","","31BZDXslTPOPvsTHRylx0Q"
"0.500","Coupon","1P","2015-09-29 20:40:57","2015-09-29 21:10:57","","xtrV1d4fR6my24xTvjAGdg"
"0.709","Coupon 思路混乱","1P","2015-09-29 19:51:05","2015-09-29 20:33:36","","fOlOW0OlQ16p4g9FafHM3Q"
"0.250","理发","4Pr","2015-09-29 19:20:05","2015-09-29 19:35:05","","Iv5pumJ4RsS0ScG9CRXJzw"
"1.167","瑜伽","2S","2015-09-29 18:00:57","2015-09-29 19:10:57","","XGt3dBlMRPScgDufdvNWig"
"0.516","Coupon 把Futher Modified移过来","1P","2015-09-29 16:34:10","2015-09-29 17:05:08","","7TzTEpI3SPGzRaaPinfmZg"
"0.600","Coupon 把Futher Modified移过来","1P","2015-09-29 15:40:39","2015-09-29 16:16:39","","6cIehAQ1RTuAoDD17-usMA"
"0.771","终于找到了bug，改变量名时没全改","1P","2015-09-29 14:49:57","2015-09-29 15:36:13","","6-5zsz7yQOSVBRNj14PKjg"
"0.330","看其他的解决方法及程序查错","1P","2015-09-29 14:13:31","2015-09-29 14:33:19","","FDjS0zslR-e0dpBcM2vXrw"
"0.430","看其他的解决方法","1P","2015-09-29 13:42:20","2015-09-29 14:08:09","","NCodW3ebTWKj-HPnOAFjug"
"0.456","Coupon 思考错误的原因","1P","2015-09-29 11:30:42","2015-09-29 11:58:03","","vr1oKlcjS-yaJA4VXFjFpw"
"0.191","Coupon 没思路","1P","2015-09-29 11:00:00","2015-09-29 11:11:28","","j4KhLO4_STCwjN52Lf8D7g"
"0.167","恶习","4Pr","2015-09-29 10:40:36","2015-09-29 10:50:36","","NlYobil-SCq4VgOInuRl4g"
"0.670","程序bug","1P","2015-09-29 09:55:36","2015-09-29 10:35:49","","Vy4QK1gCTrW151hnKP3w5g"
"0.333","日记","2PM","2015-09-29 09:20:59","2015-09-29 09:40:59","","jLQCWdOTR3KyXJyAFLqQDQ"
"0.333","整理英语朗读训练贴","2E","2015-09-29 09:00:59","2015-09-29 09:20:59","","-y48FTMqT6aJT1_vfj-XRA"
"1.167","英语朗读训练","2E","2015-09-29 07:50:27","2015-09-29 09:00:27","","w1K-HbjTS5eCyWAFz1e2hg"
"0.333","Coupon 调整特征参数","1P","2015-09-28 21:30:22","2015-09-28 21:50:22","","vCdVXnPKSLS2u2m63cwBeQ"
"0.333","跟学弟扯淡","4Pr","2015-09-28 21:05:44","2015-09-28 21:25:44","","QTk8I4pDSgyvRWvTYsXM0Q"
"1.167","给外国教授写邮件索要文献","4BK","2015-09-28 19:30:12","2015-09-28 20:40:12","","VUIgALJdQZmM1R-ILkrJtA"
"0.833","跟boss讨论","4BK","2015-09-28 18:30:28","2015-09-28 19:20:28","","qXQfgyVNQA6nF_gYYmS61g"
"0.821","找论文怎么都没找到 感到迷失 乱找了很多篇","4BK","2015-09-28 16:38:44","2015-09-28 17:28:00","","EJr9Q5LKRD2jL8wRZ04kDA"
"0.683","Coupon特征参数","1P","2015-09-28 15:48:59","2015-09-28 16:29:58","","zrOeznKqTJ2-XnHW9b38dg"
"0.661","LEM2","4BK","2015-09-28 14:44:10","2015-09-28 15:23:49","","2FFvk0qPSiKoREo9SufoMw"
"0.673","LEM2","4BK","2015-09-28 13:55:19","2015-09-28 14:35:43","","fGyV55OFR1e8Bj5j-x4Vjw"
"0.567","综艺节目","4E","2015-09-28 13:20:55","2015-09-28 13:54:55","","4gxcnUxhTsi85zJvq_FFsQ"
"0.224","LEM2","4BK","2015-09-28 11:34:50","2015-09-28 11:48:15","","JmetLyWlR8akJykcS99K9g"
"0.200","Coupon 变量命名搞混","1P","2015-09-28 11:20:16","2015-09-28 11:32:16","","DsRSl9dkRr-XJMpN3YgFtA"
"0.389","Coupon 给答案加个日期标志","1P","2015-09-28 10:49:18","2015-09-28 11:12:39","","KG36MicMTqWYoBH_jmFeRQ"
"1.062","Coupon 特征分开计算","1P","2015-09-28 09:16:19","2015-09-28 10:20:02","","lzvp3FwYSZq3INwjIx2vZA"
"0.750","英语朗读训练","2E","2015-09-28 08:20:28","2015-09-28 09:05:28","","8eCrMZOvSDKdr7H2kaVf9w"
"0.533","日记","2PM","2015-09-28 07:45:59","2015-09-28 08:17:59","","3zlt3z4KTKu9c0x0hBQZ3Q"
"0.573","Coupon 特征分开计算","1P","2015-09-27 21:05:52","2015-09-27 21:40:16","","pSr4OHiSQqCFiNrHiarjWg"
"1.417","C201 读","2E","2015-09-27 19:15:55","2015-09-27 20:40:55","","znWbyQvlTwSEJZ4PoxPwbw"
"0.632","Coupon 想用SQL 但发现不会用","1P","2015-09-27 16:40:34","2015-09-27 17:18:28","","9-YVmxZkQFeKSW6ZEU1LNg"
"0.421","Coupon 想用SQL 但发现不会用","1P","2015-09-27 16:05:47","2015-09-27 16:31:03","","4IZNd48oQ2eaDuNRHWVbAg"
"0.633","跟同学聊qq","4Pr","2015-09-27 15:20:43","2015-09-27 15:58:43","","EDmrlQfaRBqEDsha8RSX0g"
"0.279","Coupon 观察","1P","2015-09-27 15:03:20","2015-09-27 15:20:05","","-cqxagoAQLWuiIEFNKzHcA"
"1.167","综艺节目","4E","2015-09-27 13:50:45","2015-09-27 15:00:45","","4Eq4gQ2PR1ipltZprU6Kqg"
"1.000","跟同学聊qq","4Pr","2015-09-27 10:30:04","2015-09-27 11:30:04","","pKwNDqghSvunapJ8b17Z6A"
"2.000","周日记","2PM","2015-09-27 08:20:05","2015-09-27 10:20:05","","OMiiaY6GQWGspo3pfaf7nQ"
"0.450","乱看手机","4Pr","2015-09-27 07:50:13","2015-09-27 08:17:13","","iQMdo4YkTsCviGFoDwfCxg"
"1.500","听Sclaers讲","2PM","2015-09-26 21:00:23","2015-09-26 22:30:23","","CminBWULRb6ygpFGblviTA"
"2.500","生日聚餐","4Pr","2015-09-26 18:00:57","2015-09-26 20:30:57","","SxxcLSKyRtWBwsYqqq-krA"
"1.250","恶习","4Pr","2015-09-26 15:30:39","2015-09-26 16:45:39","","LQ6CeJ08QpmKXCZmWehLJg"
"1.500","乱七八糟的事","4Pr","2015-09-26 14:00:39","2015-09-26 15:30:39","","dd7_UdB8TWuUA9nSK1wx2Q"
"0.500","周日记","2PM","2015-09-26 11:40:01","2015-09-26 12:10:01","","G7sUyPqNR7G8BDWgyt40hQ"
"1.167","找餐厅","4Pr","2015-09-26 10:20:14","2015-09-26 11:30:14","","3Zoi8XixRLG4xPQj08vgDA"
"0.467","日记","2PM","2015-09-26 09:45:27","2015-09-26 10:13:27","","j9vk-Ig1S0mjKXfc57Y7Mw"
"1.000","乱想","4Pr","2015-09-26 08:30:59","2015-09-26 09:30:59","","JQPpWaKgRZCdgMmWnjZ4PQ"
"3.000","LeetCode 一道题 码的太慢","1C","2015-09-25 19:00:53","2015-09-25 22:00:53","","h3wDMtzpRMy1-F7Kb4A7nQ"
"1.348","LeetCode","1C","2015-09-25 16:06:19","2015-09-25 17:27:12","","bMy8lo2JS4OTqEphZv11nA"
"1.000","乱找吃饭的餐厅","4Pr","2015-09-25 15:00:44","2015-09-25 16:00:44","","BltkVwgXRKe_JnzNflXnOw"
"1.000","班会","4O","2015-09-25 14:00:15","2015-09-25 15:00:15","","R0aE7B18QHy2Fd9qyKxvJQ"
"0.500","成绩统计","4O","2015-09-25 13:25:26","2015-09-25 13:55:26","","6xinzQmMR6606c5sVfAGwA"
"0.250","成绩统计","4O","2015-09-25 11:35:57","2015-09-25 11:50:57","","x35V5YEPSUqlNzIPy-eJVw"
"0.189","LeetCode","1C","2015-09-25 11:17:44","2015-09-25 11:29:03","","3cnC77_aTIq5I1QNR5D-oQ"
"0.314","起早头难受 Coupon 没思路","1P","2015-09-25 10:57:35","2015-09-25 11:16:25","","Xh73GfLORj-iQQrw1MWhbQ"
"0.250","起早头难受 Coupon 没思路","1P","2015-09-25 10:25:52","2015-09-25 10:40:52","","ACmJPNDUS9qkU9IVZFMfxw"
"0.333","日记","2PM","2015-09-25 09:50:21","2015-09-25 10:10:21","","xep0R9qyTiK3rzu9VbQ7Ng"
"0.500","休息","4Pr","2015-09-25 09:10:35","2015-09-25 09:40:35","","QDrCOCLVSR-b4t51M3a7hw"
"2.167","学车","4O","2015-09-25 07:00:35","2015-09-25 09:10:35","","FC7M4PUERcavgGjRLdzk0w"
"1.750","Xu程序 及跟boss聊","4BK","2015-09-24 21:00:04","2015-09-24 22:45:04","","yyYJLnVgREGfKSMPqBBb4Q"
"1.167","Xu程序 算全部约简 找bug","4BK","2015-09-24 19:30:45","2015-09-24 20:40:45","","HspfOWQIQsqouw1esnjrcA"
"1.167","瑜伽课","2S","2015-09-24 18:00:05","2015-09-24 19:10:05","","OBDUFKAXQlSB7el2ny8y5g"
"0.333","Xu程序 算全部约简 找bug","4BK","2015-09-24 16:40:12","2015-09-24 17:00:12","","J-yXJqGXRNi9SzqTXxQQNg"
"0.674","跑腿报销","4BK","2015-09-24 15:51:29","2015-09-24 16:31:54","","zM3xquHWTN-LkwknwpBFOw"
"1.083","个人小结","4O","2015-09-24 14:40:25","2015-09-24 15:45:25","","FGogo-B0Ru-6QtY33ibSCg"
"1.168","Xu程序 算全部约简 找bug","4BK","2015-09-24 13:20:16","2015-09-24 14:30:21","","H71WNLxgT36mTohuGwaC_w"
"1.167","Xu程序 计算全部约简","4BK","2015-09-24 10:40:25","2015-09-24 11:50:25","","YdlQi9AFS4uSvD0DRBRJ8w"
"0.649","Xu程序 计算全部约简","4BK","2015-09-24 09:52:04","2015-09-24 10:31:02","","KlhnsBj-R5iKOkXqmw2GYA"
"0.360","Coupon 没思路","1P","2015-09-24 09:16:31","2015-09-24 09:38:07","","lVObltRjQb2bNPMeoTcM3A"
"0.230","日记","2PM","2015-09-24 08:46:38","2015-09-24 09:00:25","","oO1fdnq0R-CLgdgGqZ3nTg"
"0.939","《观呼吸》读书笔记","2R","2015-09-24 07:43:39","2015-09-24 08:40:01","","PJJizVpgRwu04zjk8Ma5QQ"
"0.167","Xu程序 计算全部约简","4BK","2015-09-23 21:40:12","2015-09-23 21:50:12","","Fyi2JnkzSgGy8IpF7ds7Ww"
"2.240","Xu程序 计算全部约简","4BK","2015-09-23 19:17:33","2015-09-23 21:31:56","","aZAjKbIASeSEvDfN4UlaDw"
"0.500","操场练","2S","2015-09-23 17:35:07","2015-09-23 18:05:07","","PZl17aE_TjqbSEDOvwxXEA"
"0.499","Xu程序 计算全部约简","4BK","2015-09-23 16:49:54","2015-09-23 17:19:52","","TJ7IUEQzTCuzMg5M7TdTUA"
"0.201","Coupon 观察","1P","2015-09-23 16:26:39","2015-09-23 16:38:42","","t8deuX6AQV2g6IJ4oHXCyw"
"0.621","Coupon 验证","1P","2015-09-23 15:36:41","2015-09-23 16:13:57","","v8vucJYUQiSCFGYc5lWqJg"
"1.667","去车俩管理所","4O","2015-09-23 13:30:31","2015-09-23 15:10:31","","2O05B9E5RweKYYV-Lq950A"
"0.333","商量去车俩管理所","4O","2015-09-23 11:20:57","2015-09-23 11:40:57","","f8Sb621TQhmBphFlLZnr1g"
"0.946","Coupon 验证 得分函数","1P","2015-09-23 10:15:30","2015-09-23 11:12:14","","_17MEx1NSOazFN9J2-NqGQ"
"0.583","日记","2PM","2015-09-23 09:30:31","2015-09-23 10:05:31","","lvEX0q5YT_eVE8HCRsGJ6g"
"0.833","先读了杂文，再想弄《观呼吸》但发现时间很短了，不想弄","2R","2015-09-23 08:35:30","2015-09-23 09:25:30","","5EyXibuSSyauB_Gv90ebVA"
"0.167","早晨来后琐事","4Pr","2015-09-23 08:20:04","2015-09-23 08:30:04","","XJBTFY41S-WsSSfunHZGTg"
"0.750","Coupon 解决了Valireult的分组合并问题","1P","2015-09-22 21:45:25","2015-09-22 22:30:25","","sg7o_VOBS-eC-BLkBi8u-w"
"0.897","Xu程序 计算全部约简","4BK","2015-09-22 20:32:39","2015-09-22 21:26:28","","IxCpybDwQwme685vtK8OFQ"
"0.773","Xu程序 计算全部约简","4BK","2015-09-22 19:36:44","2015-09-22 20:23:08","","KhLIKjosQuu6Ix2446Z_rg"
"1.000","瑜伽","2S","2015-09-22 18:00:11","2015-09-22 19:00:11","","zKDer9HsRPm3ukUGEKO2iw"
"0.293","分组合并弄不好","1P","2015-09-22 16:47:07","2015-09-22 17:04:43","","HTTgvKvBQ1Sa3L-_yQdHNw"
"0.517","综艺节目","4E","2015-09-22 16:15:27","2015-09-22 16:46:27","","4SjxMSJIQumrXKvlBDqZ1g"
"1.689","Coupon 验证陷进去","1P","2015-09-22 14:27:30","2015-09-22 16:08:49","","6S5hXCLiT8yjZgrpCvEVHA"
"0.584","Coupon list area实现了，但发现得分很低","1P","2015-09-22 13:38:08","2015-09-22 14:13:11","","uuNAQYsnR_qOtHcMCojJzw"
"0.333","Coupon list area实现","1P","2015-09-22 11:40:55","2015-09-22 12:00:55","","3wMfedThRZuBZXES8i2PMA"
"0.560","跟同学聊qq","4Pr","2015-09-22 11:07:19","2015-09-22 11:40:55","","kkddqFzYQVWPoV7njozv4Q"
"0.500","报名PAT","4O","2015-09-22 10:00:56","2015-09-22 10:30:56","","51EJ3nBZRrWqUS0BNzFhpw"
"3.000","学车","4O","2015-09-22 07:00:56","2015-09-22 10:00:56","","aYQ8HghTTLiwerr0my99Yg"
"0.417","运动","2S","2015-09-21 22:55:39","2015-09-21 23:20:39","","rn9oC-xKTe6ZxMRySw2spg"
"1.000","跟张婧虹聊找工作的事","4Pr","2015-09-21 21:30:56","2015-09-21 22:30:56","","-XJoESCiSqmoS6XTb4F5Aw"
"0.575","Coupon list area实现","1P","2015-09-21 20:41:23","2015-09-21 21:15:52","","aNHju7nrRgqT8TOZi3SNrg"
"1.226","Xu程序 跟bos聊","4BK","2015-09-21 18:49:33","2015-09-21 20:03:05","","zU7uBEaqTQeGIsbo8SG4cQ"
"0.417","综艺节目","4E","2015-09-21 18:05:53","2015-09-21 18:30:53","","qazqTIM7TOe4oG1D1gxa2g"
"0.666","Coupon list area思路不清","1P","2015-09-21 16:30:56","2015-09-21 17:10:55","","zmZbwO0iSOm1uMFQdvYYaw"
"0.167","学车的事","4O","2015-09-21 16:10:46","2015-09-21 16:20:46","","9WKy6LJVT9O0O0v0necCvQ"
"0.566","Coupon list area实现","1P","2015-09-21 15:35:04","2015-09-21 16:09:03","","r1OGTyY3QyukDc-xDH-LGA"
"0.500","Xu程序","4BK","2015-09-21 14:50:11","2015-09-21 15:20:11","","_gpxRpBDTGGdeCdrU56krg"
"0.768","Xu程序 想范化约简","4BK","2015-09-21 13:54:58","2015-09-21 14:41:03","","lU6s_1CFToGfHHL56IA_1Q"
"1.058","Xu程序","4BK","2015-09-21 10:57:26","2015-09-21 12:00:56","","raA29-hxQs6WHieSyF_0Sg"
"0.367","困难补助","4O","2015-09-21 10:25:23","2015-09-21 10:47:23","","AJx6ov6FS3uPnY4SWVfnog"
"1.368","Coupon list area处理","1P","2015-09-21 09:01:17","2015-09-21 10:23:23","","m4cAHLilTde5SVsVMVcmtw"
"0.250","乱七八糟","4Pr","2015-09-21 08:45:59","2015-09-21 09:00:59","","_qU3p_NvRk-d_JBDXOAGyQ"
"0.417","日记","2PM","2015-09-21 08:20:34","2015-09-21 08:45:34","","RmS6tUu_QZGkb2lUf2mhsA"
"0.500","《观呼吸》读书笔记","2R","2015-09-21 07:50:25","2015-09-21 08:20:25","","_Lgz6vnRQyuoAoBDfSWbRQ"
"0.250","早晨到实验室后琐事","4Pr","2015-09-21 07:35:25","2015-09-21 07:50:25","","Fr00my6jSAa5It6TQoD3Zw"
"0.350","Coupon list area","1P","2015-09-20 21:25:13","2015-09-20 21:46:13","","I1QrEuoJRzunllRthMmyMg"
"0.917","Coupon list area","1P","2015-09-20 20:15:04","2015-09-20 21:10:04","","zQjJQU8PSWuNERqSuYJ90Q"
"0.065","Xu程序","4BK","2015-09-20 20:03:40","2015-09-20 20:07:33","","C_oAcF7kRJOooSoMPBp8oQ"
"0.338","Xu程序","4BK","2015-09-20 19:37:23","2015-09-20 19:57:39","","eiU732tWQcOjv1KGleOayw"
"0.333","综艺节目","4E","2015-09-20 19:15:36","2015-09-20 19:35:36","","bOGQWO2MQWCQ1Sq5KivDcg"
"0.642","Xu程序","4BK","2015-09-20 18:32:51","2015-09-20 19:11:22","","iisDFQ3oQCmSDsm76Ueg1A"
"0.633","Coupon list area处理及想用SVN但没用成","1P","2015-09-20 16:20:08","2015-09-20 16:58:08","","UOt3kywkRJyEVJD7lyCJAg"
"0.702","怎样利用list area","1P","2015-09-20 15:26:51","2015-09-20 16:08:58","","NOZCmtDcROm5PQNgP0GuAA"
"1.037","LeetCode","1C","2015-09-20 14:15:30","2015-09-20 15:17:43","","cyHpITl2SE-TpOQDFYTiYg"
"0.529","Coupon 发现缺失值处理没用","1P","2015-09-20 13:35:57","2015-09-20 14:07:42","","hlgTo_y2Qy2zhM4pbugqXg"
"1.000","沃尔玛购物","4Pr","2015-09-20 10:30:54","2015-09-20 11:30:54","","lkpk476_TIqOzkFPtfnBbw"
"2.500","腾讯志愿者","4Pr","2015-09-20 08:00:54","2015-09-20 10:30:54","","L7gsjDH6TF6-UaInqlLgYA"
"1.166","周日记","2PM","2015-09-19 20:36:12","2015-09-19 21:46:11","","OgxqAb8xSVCqZVTa3gdjFg"
"0.206","时间统计程序改进","2PM","2015-09-19 20:05:34","2015-09-19 20:17:54","","UupilF7cSdOUbcDWv6hYgQ"
"0.706","时间统计程序改进","2PM","2015-09-19 19:23:12","2015-09-19 20:05:33","","Jn2FyM7QS82WqzurUNjZQA"
"0.517","纠结于困难补助怎么写","4Pr","2015-09-19 16:30:43","2015-09-19 17:01:43","","XgNZjI8HQo2Bq7UlQqoldA"
"0.583","日记","2PM","2015-09-19 15:30:44","2015-09-19 16:05:44","","S5RpS-vHS-GIvYMU0w_IBw"
"0.500","乱想","4Pr","2015-09-19 15:00:05","2015-09-19 15:30:05","","9Ywm8ouFQhemKD-U0JVvJw"
"1.000","瑜伽课","2S","2015-09-19 13:30:36","2015-09-19 14:30:36","","f44qHNxQRoC87viac_4KgQ"
"0.417","看《禁闭岛》影评","4E","2015-09-19 13:00:22","2015-09-19 13:25:22","","jE4lJ8kuStS43dw6ntMLTw"
"0.500","看《禁闭岛》影评","4E","2015-09-19 10:20:57","2015-09-19 10:50:57","","xTkLo1VkQfCzcToI6LfmNw"
"1.500","《禁闭岛》","4E","2015-09-19 08:45:49","2015-09-19 10:15:49","","zhVlIkfXTlGYCtxyFy1raQ"
"0.333","等着下载电影","4Pr","2015-09-18 21:40:33","2015-09-18 22:00:33","","X6aE1UElTlmUPv7qr4sF1g"
"2.008","Coupon 缺失值的处理","1P","2015-09-18 19:20:28","2015-09-18 21:20:57","","VbQ_TdJ0RK6xyFnq3aJQJg"
"0.333","Xu程序","4BK","2015-09-18 18:45:20","2015-09-18 19:05:20","","ytDx3TLSQ9eM1Nv5dFyK2w"
"0.670","Xu程序 识别矩阵 多个约简","4BK","2015-09-18 16:50:44","2015-09-18 17:30:55","","uvrpZhZtTmSfMex0MXuyxQ"
"1.067","Coupon 缺失值的处理","1P","2015-09-18 15:30:38","2015-09-18 16:34:38","","0UangAFrRJ2RnvP-Z-w7Qw"
"0.446","Coupon","1P","2015-09-18 14:54:46","2015-09-18 15:21:30","","QEukakl1RCaG1GQrOA1wDQ"
"0.158","Coupon 相似用的脚本跟浏览结果融合","1P","2015-09-18 14:22:55","2015-09-18 14:32:24","","K0GHeqgcTF6VYzstawIbFQ"
"0.488","Coupon 相似用的脚本跟浏览结果融合","1P","2015-09-18 13:52:08","2015-09-18 14:21:23","","aYUJkLr-SbCXycvI4VsMZw"
"0.333","乱看手机","4Pr","2015-09-18 12:55:38","2015-09-18 13:15:38","","W1v51Y-qS4CLbKl63kxsjw"
"0.582","找资料","4BK","2015-09-18 11:30:20","2015-09-18 12:05:15","","vVK3ue9VRoWRckHV__fdnQ"
"1.671","Coupon  仿写用相似做的脚本 写完","1P","2015-09-18 09:42:49","2015-09-18 11:23:05","","5WryLUMAT_KP3IPh6d4Qtg"
"0.500","日记","2PM","2015-09-18 09:05:04","2015-09-18 09:35:04","","bgfkbG_QT7q1dxecHsiWbQ"
"0.167","《道德经》","2R","2015-09-18 08:50:33","2015-09-18 09:00:33","","2Z0ChCcEQNO4RjxqIkx6oA"
"0.167","做做运动等","4Pr","2015-09-18 08:35:08","2015-09-18 08:45:08","","rnytM0yDTLKgT1j2mfpzXA"
"1.333","LeetCode 涉及到一个数学知识；写思路花了很长时间","1C","2015-09-17 21:35:13","2015-09-17 22:55:13","","M8aIQy4PT0edP9ajKqP98Q"
"0.500","纠结于怎么说腾讯志愿者不去的事","4Pr","2015-09-17 20:50:47","2015-09-17 21:20:47","","QL7aC19nRC6FyhTTelxHJQ"
"8.000","腾讯志愿者","4Pr","2015-09-17 07:39:17","2015-09-17 15:39:17","","frZCaR1ASYeQdE6gNszkRQ"
"0.583","找资料 医疗大数据","4BK","2015-09-17 06:15:09","2015-09-17 06:50:09","","bsaH6pm1TjC6lri8crli9g"
"1.000","找资料 医疗大数据","4BK","2015-09-17 00:00:29","2015-09-17 01:00:29","","14DzHmr6RRWZ2If7NYVZCg"
"0.583","综艺节目","4E","2015-09-16 22:55:20","2015-09-16 23:30:20","","DuDAFzJqSTmBHok5UFJKGg"
"0.467","Xu程序 识别矩阵 实验","4BK","2015-09-16 21:32:47","2015-09-16 22:00:47","","EZqExSxBRl6zXo4VdDM9NA"
"2.156","Xu程序 识别矩阵 改错","4BK","2015-09-16 19:00:41","2015-09-16 21:10:03","","IZseVe-3Qo6K5ifXg-y4Ow"
"0.500","操场练","2S","2015-09-16 17:25:26","2015-09-16 17:55:26","","u3gXy56mQCyzzZCjQaQ8CA"
"1.207","Xu程序 识别矩阵 改错","4BK","2015-09-16 16:06:08","2015-09-16 17:18:33","","nfeUbnRuSXWjB206misNEA"
"0.333","综艺节目","4E","2015-09-16 15:45:50","2015-09-16 16:05:50","","YQEAbh0nQMiV_uZa4wemdw"
"0.153","Xu程序 识别矩阵","4BK","2015-09-16 15:34:15","2015-09-16 15:43:27","","Med3U5EGQVerfgqPQlroKA"
"0.293","Xu程序 识别矩阵","4BK","2015-09-16 15:13:21","2015-09-16 15:30:54","","B3B1IBX6QsCyHePMYB52_g"
"1.382","Coupon  仿写用相似做的脚本；到后来精力不济","1P","2015-09-16 13:27:35","2015-09-16 14:50:30","","hDaZdj1GQxaZwN1-uv0CVg"
"2.035","Coupon  仿写用相似做的脚本","1P","2015-09-16 09:49:04","2015-09-16 11:51:10","","vYxIcuH2S3yGCeIila6hMQ"
"0.541","Coupon  看一个用相似做的脚本","1P","2015-09-16 09:08:27","2015-09-16 09:40:54","","Kd9YuenBTKmmPcJqfzobzA"
"0.417","日记","2PM","2015-09-16 08:30:41","2015-09-16 08:55:41","","RVfVJizxT4mlKZwNf86lig"
"0.517","《观呼吸》读书笔记","2R","2015-09-16 07:50:44","2015-09-16 08:21:44","","flkt_8umS163CwxdVc6YeA"
"0.250","早晨到实验室后琐事","4Pr","2015-09-16 07:30:54","2015-09-16 07:45:54","","D_BWlzS-SzuS0gyQ1xEzSg"
"0.777","Coupon  看一个用相似做的脚本","1P","2015-09-15 21:32:37","2015-09-15 22:19:14","","g48IRyHfTRG2CpA1n32xwA"
"0.250","超过25分没有休息，感到累而休息","4Pr","2015-09-15 21:15:22","2015-09-15 21:30:22","","b3q0M-DXSrqi8EjrsaJC3w"
"0.383","彪哥问关于一个论文的东西及聊天","4Pr","2015-09-15 20:50:29","2015-09-15 21:13:29","","dHixtChnTuKl-SA32zMgiw"
"0.475","Coupon  看一个用相似做的脚本","1P","2015-09-15 20:21:49","2015-09-15 20:50:18","","0GwCfwOKSimXY3jQjXlvPA"
"0.750","Xu程序","4BK","2015-09-15 19:30:00","2015-09-15 20:15:00","","a8WvxE4MRqexm1bMxe6rUQ"
"1.083","瑜伽","2S","2015-09-15 18:00:33","2015-09-15 19:05:33","","R19O739HTXyev_QT-tStxw"
"0.500","论文和程序","4BK","2015-09-15 16:25:37","2015-09-15 16:55:37","","bMa2_FDKR2eTz1p5NUk9Kw"
"0.833","跑腿报销；为怎么写字像老代纠结了好久","4BK","2015-09-15 15:30:30","2015-09-15 16:20:30","","FnVUu4IcQuGfMHW_1glaJQ"
"0.333","论文和程序","4BK","2015-09-15 15:05:46","2015-09-15 15:25:46","","0UW8JIUlQBiBS8Vo9E_2NQ"
"0.999","跑腿报销","4BK","2015-09-15 14:00:56","2015-09-15 15:00:54","","j2Vtu5F4RW6RXKeCnLko6w"
"0.168","跑腿报销","4BK","2015-09-15 13:43:25","2015-09-15 13:53:30","","PxHCPx02QzmK3WGNr8YY8w"
"1.012","Coupon  看一个用相似做的脚本","1P","2015-09-15 10:59:04","2015-09-15 11:59:46","","iOsJFiovQ52sKzj5NG9H_g"
"0.350","看综艺节目","4Pr","2015-09-15 10:30:36","2015-09-15 10:51:36","","4ttbxhujTyG5wi2i0ndcsA"
"0.419","Coupon  看一个用相似做的脚本,对merge()看不懂","1P","2015-09-15 10:04:32","2015-09-15 10:29:41","","7p26OLpRSIyLsEm3wZAUcQ"
"0.333","跟同学打电话","4Pr","2015-09-15 09:35:43","2015-09-15 09:55:43","","wu-yWIeyRfuq59BPIJ3tkg"
"0.417","日记","2PM","2015-09-15 09:10:13","2015-09-15 09:35:13","","UOLR3D8eSCCIroqDjqqbPw"
"0.453","《观呼吸》读书笔记","2R","2015-09-15 08:42:08","2015-09-15 09:09:20","","_L6_8f5cSBeNCHoyNK8jXQ"
"0.250","时间记录","2PM","2015-09-14 22:50:29","2015-09-14 23:05:29","","84b_56wQQFGJOMXDFM4Sow"
"0.333","整理论文","4BK","2015-09-14 22:20:57","2015-09-14 22:40:57","","VI4rkJ7FQM2Nr6pIodq1aA"
"0.250","跟学弟扯淡","4BK","2015-09-14 22:00:25","2015-09-14 22:15:25","","gZJQCIk7TI-hIiVx40iJQA"
"0.500","跟老板开会","4BK","2015-09-14 21:20:50","2015-09-14 21:50:50","","6aD9bf-4Swyz7ql2MZ3jiQ"
"4.167","腾讯志愿者","4Pr","2015-09-14 16:20:56","2015-09-14 20:30:56","","K7oaYjFTTT64YDeZ0K_j3g"
"0.333","看论文","4BK","2015-09-14 16:00:02","2015-09-14 16:20:02","","qC4dOPvWSeG-KWR4kUEpZw"
"0.500","陷在找篇论文里，然后没找到","4BK","2015-09-14 15:20:22","2015-09-14 15:50:22","","dT3gL9PiQg2gX_BbRB3YYQ"
"0.628","找篇论文没找到","4BK","2015-09-14 14:37:15","2015-09-14 15:14:56","","Ds7mqomPSlCw8S16O1-Hvg"
"0.217","学车的事","4O","2015-09-14 14:20:54","2015-09-14 14:33:54","","PEgM92zaToaysl05H0zmww"
"0.169","看论文","4BK","2015-09-14 14:07:46","2015-09-14 14:17:56","","jvNwmtObQEOlpgrNReVd2w"
"0.459","看论文","4BK","2015-09-14 13:24:53","2015-09-14 13:52:25","","798qDXYdTzSHa8CkDs1_2A"
"2.500","周记","2PM","2015-09-14 09:00:45","2015-09-14 11:30:45","","iCEEvMhrQDGLzhzN5QrS4Q"
"0.500","日记","2PM","2015-09-14 08:20:58","2015-09-14 08:50:58","","dzvAiwwvRRyL2727Q-M62g"
"0.250","乱想","4Pr","2015-09-14 08:05:58","2015-09-14 08:20:58","","ah6cuWSNRta0P5-O5LNgSA"
"0.333","在黑板上乱画","4Pr","2015-09-14 07:45:02","2015-09-14 08:05:02","","e1DoY1EISqizqrxyC_iWRw"
"0.500","周日记 ，时间统计程序","2PM","2015-09-13 21:50:34","2015-09-13 22:20:34","","ebpG2B1xTyG32Bn6Kyth9g"
"0.250","乱查 天津大学 代老师","4Pr","2015-09-13 21:30:49","2015-09-13 21:45:49","","eM6oK5udT_KxvjCWNuL8Yw"
"0.491","Coupon 思路混乱","1P","2015-09-13 20:55:49","2015-09-13 21:25:18","","-8MCcObZTaeaQ98LX_dApA"
"0.661","Coupon  看一个用相似做的脚本 差点睡着","1P","2015-09-13 19:56:40","2015-09-13 20:36:19","","ow-h7eDcQWOulv8mv9Jtqg"
"0.717","Coupon ","1P","2015-09-13 19:00:05","2015-09-13 19:43:05","","sz3tccynRDCvCh2dBFmRKw"
"0.167","玩手机","4Pr","2015-09-13 18:35:12","2015-09-13 18:45:12","","SeLBX3_kQrKH3T4dczGwyA"
"0.417","操场练","2S","2015-09-13 17:20:40","2015-09-13 17:45:40","","Bree-J5jT4StaF2qj6D4Nw"
"0.521","Coupon ","1P","2015-09-13 16:29:04","2015-09-13 17:00:18","","dnrdYIfZREWEkbe8Syifwg"
"0.451","规则提取","4BK","2015-09-13 15:53:05","2015-09-13 16:20:07","","mWV_NhKxTMqbd6pMRScADg"
"0.520","DM提取规则","4BK","2015-09-13 15:14:10","2015-09-13 15:45:23","","C0NhecyNTJ2agRxGUiCETg"
"0.517","周日记 ，时间统计程序","2PM","2015-09-13 14:35:45","2015-09-13 15:06:45","","292rbB6RQL-2uEa3OPg7lQ"
"0.833","周日记 ，时间统计程序","2PM","2015-09-13 13:25:54","2015-09-13 14:15:54","","g_ku19eMRwqqjJ2juVp7-w"
"0.667","周日记","2PM","2015-09-13 11:10:50","2015-09-13 11:50:50","","89wFIDLuTcGfQF-lvzwclA"
"1.167","弄瑜伽课的事","4Pr","2015-09-13 09:50:13","2015-09-13 11:00:13","","US5G1S1rSPmOrW4NIkiUNQ"
"1.167","日记","2PM","2015-09-13 08:25:47","2015-09-13 09:35:47","","_3BsoBYCRxWGYf2y6IVRYg"
"0.616","Coupon 位置处理，状态很差快睡着了","1P","2015-09-11 21:03:38","2015-09-11 21:40:36","","zQObofwrQgexAVw2PRejHw"
"0.470","Coupon Sqlite","1P","2015-09-11 20:24:58","2015-09-11 20:53:09","","FSTKf8ZtS7W2h8TdIa87aw"
"0.500","想明天去紫金港的事","4Pr","2015-09-11 19:50:24","2015-09-11 20:20:24","","OLnX0CdfSsW8fMuD6dtPVA"
"0.456","Coupon Sqlite","1P","2015-09-11 19:18:04","2015-09-11 19:45:26","","sQkEAe-eQkejyU8zkdXSsQ"
"0.167","和同学打电话","4O","2015-09-11 19:00:11","2015-09-11 19:10:11","","RggnUorNRSidmo_JegHG8A"
"0.500","操场练","2S","2015-09-11 17:30:04","2015-09-11 18:00:04","","ayAI5KvvSgimhHT5scAC5Q"
"0.156","Coupon Sqlite","1P","2015-09-11 17:01:14","2015-09-11 17:10:34","","UiMdiiywQ8qLuSSq6b91dw"
"0.423","Coupon 想思路","1P","2015-09-11 16:15:38","2015-09-11 16:41:01","","t0kvTa5tSTiPb4twLFYvgA"
"0.994","DM提取规则及跟师弟聊","4BK","2015-09-11 15:00:39","2015-09-11 16:00:17","","ZO2I0D_aTti0lmaKs-UYAQ"
"0.972","DM提取规则及跟师弟聊","4BK","2015-09-11 13:54:41","2015-09-11 14:52:59","","fI9OrtyFRV6mgIU1iFcXDA"
"0.833","学车","4O","2015-09-11 12:10:39","2015-09-11 13:00:39","","daGP3ZGTTPKZbrscWjm-2w"
"0.872","DM提取规则及跟师弟聊","4BK","2015-09-11 10:07:59","2015-09-11 11:00:17","","7IuKv73GSdiYSKryxUlGrw"
"0.223","打印","4BK","2015-09-11 09:45:17","2015-09-11 09:58:39","","aU5p2sWjS4maq2nbHZEtZw"
"0.206","DM提取规则","4BK","2015-09-11 09:32:52","2015-09-11 09:45:12","","JjncgawyT1y4nUGPKxUYgg"
"0.250","找电影","4Pr","2015-09-11 09:05:39","2015-09-11 09:20:39","","t-0q9fn6Q-q6utQBkGEHbw"
"0.617","日记","2PM","2015-09-11 08:25:15","2015-09-11 09:02:15","","YiUlPCDJShWtB64hsZd6Uw"
"0.317","想着要不要回复邮件去","4Pr","2015-09-11 07:56:52","2015-09-11 08:15:52","","qNCjXoXOR8uPIPL_bY0_Ow"
"0.417","操场练","2S","2015-09-10 22:10:33","2015-09-10 22:35:33","","qLwK-BLETDCRha3K6PX-gA"
"0.500","很简单的画出了图，原来没画出是自己想的太多了，而且发现画出来的图没什么用","1P","2015-09-10 20:50:12","2015-09-10 21:20:12","","kYTqlG8BTnWqqeFuuapBcA"
"0.585","画图，但练1张图都没画好，思维混乱","1P","2015-09-10 20:00:35","2015-09-10 20:35:42","","ba5Nh0psTlWuUQUn4PNBgA"
"0.476","画图，但连1张图都没画好，自己又犯了不直接搜答案的毛病","1P","2015-09-10 19:16:25","2015-09-10 19:44:57","","qindpMn5RRaqkQ2Dtkn-5A"
"0.583","发邮件 填表","4BK","2015-09-10 17:20:07","2015-09-10 17:55:07","","CoAOYNq2TsWdZ5ctdN-nJg"
"0.433","给师弟说选课的事","4Pr","2015-09-10 16:45:00","2015-09-10 17:11:00","","oAl7GKW4SqeMGd-pHIRwHw"
"0.732","发邮件 填表","4BK","2015-09-10 15:56:05","2015-09-10 16:40:01","","ZV5HyyH4RpuHecQuM1F30w"
"0.859","Coupon 按周划分后进行处理","1P","2015-09-10 14:47:39","2015-09-10 15:39:13","","q96qxNkiQYeVqpg7FxIfmA"
"1.140","Coupon 按周划分","1P","2015-09-10 13:19:18","2015-09-10 14:27:41","","J7u7ITYJRAeDIeAF0L5E0g"
"1.011","论文","4BK","2015-09-10 10:36:18","2015-09-10 11:36:57","","T7qVvMg-TkyAQ6gsX1GQNg"
"0.500","日记","2PM","2015-09-10 09:55:29","2015-09-10 10:25:29","","oPP33-Q3RA6dZbu4FhW6sg"
"0.167","乱玩手机","4Pr","2015-09-10 09:40:01","2015-09-10 09:50:01","","U44XzEkGQ3O6GrowgMBLiA"
"2.167","学车","4BK","2015-09-10 07:00:22","2015-09-10 09:10:22","","gcFINVX0SnmjFWM7ZfkDuQ"
"0.333","日记","2PM","2015-09-10 06:10:50","2015-09-10 06:30:50","","VICSHiXRS4GLXTPyH5w3Vg"
"0.500","电脑上乱看","4E","2015-09-09 21:55:51","2015-09-09 22:25:51","","jENIai9SSGGBK48eQY90Tw"
"0.250","操场练","2S","2015-09-09 21:35:58","2015-09-09 21:50:58","","pX80bktPS-WWGTFU6mD2lA"
"1.204"," DM提取规则","4BK","2015-09-09 19:40:30","2015-09-09 20:52:43","","VvJuDKVDSPmiLjzrYR6iZw"
"0.695","PCI 优化算法+Python基础","1C","2015-09-09 18:45:21","2015-09-09 19:27:02","","kfgMGWA6S8uDpKwq9bC1Pg"
"0.370","PCI 优化算法","1C","2015-09-09 18:19:24","2015-09-09 18:41:37","","AmKo6gu9TnahbHkGfpQDqw"
"0.250","Coupon 按周划分","1P","2015-09-09 16:40:18","2015-09-09 16:55:18","","U2akY-a2R4Gdt-ZXBLpomA"
"1.153","Coupon 按周划分","1P","2015-09-09 15:27:20","2015-09-09 16:36:32","","CKLQJH3MQ0WSdP4Lmolqyw"
"0.810","Coupon 按周划分","1P","2015-09-09 14:24:01","2015-09-09 15:12:37","","n71Tm9m5TMKbfs5LXlEo7Q"
"0.617","DM提取规则","4BK","2015-09-09 13:35:24","2015-09-09 14:12:24","","qMArrNjfRLattOJA9znpeQ"
"0.167","总结遗传算法","1A","2015-09-09 11:15:56","2015-09-09 11:25:56","","BofSqDiaSn69-NnmNu9usw"
"1.013","PCI 优化算法","1C","2015-09-09 10:05:17","2015-09-09 11:06:02","","FkxeHG0bRraeLu6KefXr7A"
"0.546","PCI 优化算法","1C","2015-09-09 09:21:07","2015-09-09 09:53:54","","yM2QB6fDSgury1lQDrDrpA"
"0.437","PCI 优化算法","1C","2015-09-09 08:41:47","2015-09-09 09:07:59","","DmkQPfP0RH604_MnTRYlsg"
"0.347","《观呼吸》读书笔记","2R","2015-09-09 08:19:36","2015-09-09 08:40:25","","4AaLgNKPRpObrJ8hRVbzYA"
"0.333","《观呼吸》读书笔记","2R","2015-09-08 22:50:29","2015-09-08 23:10:29","","9NizuVAaTsGJmtLK1j2_gA"
"0.667","看电视剧","4E","2015-09-08 22:00:05","2015-09-08 22:40:05","","V5RVZG9mTneahFgsEyYG8w"
"0.500","操场练","2S","2015-09-08 21:20:20","2015-09-08 21:50:20","","S-uyP87KTFqT1OIUaKLV1w"
"0.417","PCI 优化算法","1C","2015-09-08 20:15:23","2015-09-08 20:40:23","","oVHjo6v6Rj6tKJenLPmHUQ"
"0.520","PCI 优化算法","1A","2015-09-08 19:31:30","2015-09-08 20:02:42","","SBDiYaFfQJu0VFWy3zQQJQ"
"0.804","识别矩阵 规则获取 但没看懂","4BK","2015-09-08 18:30:35","2015-09-08 19:18:49","","tC8lrMoZR_SuYj_zWZz5sg"
"3.333","周日记","2PM","2015-09-08 13:40:21","2015-09-08 17:00:21","","dPx_-y2eTKah1BTDjGm8yw"
"0.500","日记","2PM","2015-09-08 11:30:15","2015-09-08 12:00:15","","0z6BJnsdTAyJ87B6FZg21w"
"3.350","学车","4O","2015-09-08 07:39:28","2015-09-08 11:00:28","","AMqwck6qSC2CLuGooSRURw"
"0.483","Coupon","1P","2015-09-07 21:21:15","2015-09-07 21:50:15","","Kd5V_eSqQrCahSV2YQnjzA"
"0.667","恶习","4Pr","2015-09-07 20:20:06","2015-09-07 21:00:06","","OOwjm_d_QWibSOUf3MiYnA"
"0.403","Coupon","1P","2015-09-07 19:51:41","2015-09-07 20:15:52","","Fz0vXJfDTrG5aOFyhGKROA"
"0.933","跟同学聊qq","4O","2015-09-07 18:55:13","2015-09-07 19:51:13","","v-pMw6gGQ3y12rVGKz6yGg"
"0.250","跟同学聊","4O","2015-09-07 18:20:30","2015-09-07 18:35:30","","Ed_Yc80YRk-Zz4uHqcyBOw"
"0.333","Xu程序","4BK","2015-09-07 17:00:16","2015-09-07 17:20:16","","BJffDtUwR5mEXIHuZ8dj5A"
"0.549","PCI 优化算法","1C","2015-09-07 16:21:51","2015-09-07 16:54:48","","TqpYQ4k1TX2oHEwNwiFN6A"
"0.742","PCI 优化算法；状态很差","1C","2015-09-07 15:15:28","2015-09-07 16:00:00","","htHYpr2wSzmMoysyFPczaQ"
"0.383","PCI 优化算法","1C","2015-09-07 14:41:52","2015-09-07 15:04:52","","O3R8h1ZZScSP5WgtwoNuTA"
"0.167","Xu程序","4BK","2015-09-07 14:25:28","2015-09-07 14:35:28","","46hRmeWXRNqFFwPp-zP8kQ"
"0.583","Xu程序","4BK","2015-09-07 13:40:12","2015-09-07 14:15:12","","br08S8GARVCFFrBQUYhfOg"
"0.167","PCI 优化算法","1C","2015-09-07 11:35:43","2015-09-07 11:45:43","","YXrQa7bfT7ms8HocP5oJAg"
"0.943","Xu程序","4BK","2015-09-07 10:33:04","2015-09-07 11:29:37","","TUOm0bzwQx2CHJ2_e8KNag"
"2.317","学车","4O","2015-09-07 07:01:28","2015-09-07 09:20:28","","J2H3EAjIQcGKgq36MG3EVQ"
"1.456","Xu程序 对于不同的数据集及数据集预处理","4BK","2015-09-06 19:47:46","2015-09-06 21:15:09","","6VsfpNehRhyXUru7EMUdVQ"
"0.664","Xu程序 一个很简单的创建目录","1C","2015-09-06 18:58:17","2015-09-06 19:38:08","","PF8J7vSMTbSYHwdhgqMcWQ"
"0.682","Xu程序","4BK","2015-09-06 16:42:18","2015-09-06 17:23:13","","fj22gnlNRxeLkqiSpNsYnA"
"0.283","周日记，时间统计","2PM","2015-09-06 16:10:46","2015-09-06 16:27:46","","qpv_cfpDRS-PQSXPBWw4NA"
"0.333","跟boss聊许论文","4BK","2015-09-06 15:45:10","2015-09-06 16:05:10","","i9tfOTQMSOKzOYH907Cp4A"
"1.057","周日记，时间统计","2PM","2015-09-06 14:33:23","2015-09-06 15:36:48","","YEnZb9IjTlGjo9ZwUC9RcQ"
"0.900","Coupon 弄清Capule的意思","1P","2015-09-06 13:20:40","2015-09-06 14:14:40","","AJPJuqMmQjaoRYtxcBBlVA"
"0.969","Coupon 翻译","1P","2015-09-06 10:41:22","2015-09-06 11:39:31","","hSutzXkfQiGiuJfb0A6s1w"
"0.267","许程序","4BK","2015-09-06 10:15:29","2015-09-06 10:31:29","","4wHN6yIpR1yv5XEz4fTl4w"
"0.950","乱想及写日记","2PM","2015-09-06 09:15:34","2015-09-06 10:12:34","","SCbz1Ze4TsyvXGAgu4r1Hg"
"1.000","看综艺节目","4Pr","2015-09-06 08:12:09","2015-09-06 09:12:09","","3rBhqvmdTKCghRm976WviQ"
"8.000","去无锡找同学玩","4E","2015-09-05 10:00:39","2015-09-05 18:00:39","","lv1Sm0m-Rg-g0rfOZhYs4w"
"8.017","去无锡找同学玩","4E","2015-09-04 09:00:11","2015-09-04 17:01:11","","Ibd5kQhGQMaDnDNkJjTviQ"
"2.333","Coupon 翻译","1P","2015-09-03 20:20:50","2015-09-03 22:40:50","","PumEMatsSqOhBUtxQhtOdg"
"0.333","许程序","4BK","2015-09-03 20:00:50","2015-09-03 20:20:50","","1fqhCbVNSQ-VPW_qhoLhOw"
"0.333","生活中的事","4Pr","2015-09-03 19:00:28","2015-09-03 19:20:28","","B7vVLC3hSWqwD395hZxVSA"
"0.500","恶习","4Pr","2015-09-03 18:30:19","2015-09-03 19:00:19","","lVQ3gXAyQqii_x-sGxUFag"
"0.333","操场练","2S","2015-09-03 17:30:40","2015-09-03 17:50:40","","cxOzPd6STI6A_4Oy5excPw"
"0.250","许程序","4BK","2015-09-03 16:55:22","2015-09-03 17:10:22","","ecLzTvuKSAOTtx9lrGkyPw"
"0.405","许程序","4BK","2015-09-03 16:26:21","2015-09-03 16:50:38","","hHJHkOxMT7O4P7MJiW3FEg"
"0.864","Coupon 翻译","1P","2015-09-03 15:17:58","2015-09-03 16:09:47","","26crV4b7TrS6XW4YWcmkbw"
"0.246","许程序","4BK","2015-09-03 15:00:45","2015-09-03 15:15:29","","CsyUEnLDQiyyxb7dT9JytQ"
"0.650","不想学，乱翻网","4Pr","2015-09-03 14:20:23","2015-09-03 14:59:23","","2KBprU37Ra-Otx7D21O2Ug"
"2.000","学车","4O","2015-09-03 12:00:04","2015-09-03 14:00:04","","5zBIb0pvTfmlx-_Fa8vihw"
"0.642","许程序","4BK","2015-09-03 10:19:59","2015-09-03 10:58:29","","yPnTB41JS8-NpTQ3s1FhBg"
"0.647","许程序","4BK","2015-09-03 09:27:48","2015-09-03 10:06:38","","fqtio2wrR2Ce_0e50RIc8g"
"0.250","《观呼吸》","2R","2015-09-03 08:50:27","2015-09-03 09:05:27","","XVtT0DIcSeyf-_9_FSWedw"
"0.517","日记","2PM","2015-09-03 08:14:01","2015-09-03 08:45:01","","A4hJzAIXQ4-943o-WV-15w"
"0.333","《观呼吸》","2R","2015-09-02 23:05:23","2015-09-02 23:25:23","","azkp_wYmQzmrCbvo7ptU-A"
"0.167","宿舍吧","2S","2015-09-02 22:25:17","2015-09-02 22:35:17","","bUI7eBoiTUW2RxE9wJ_l_Q"
"0.167","时间记录及工整记","2PM","2015-09-02 21:35:07","2015-09-02 21:45:07","","P9MAkgglTmayxd1MG2QRkg"
"1.217","许 程序及下载数据集","4BK","2015-09-02 20:07:51","2015-09-02 21:20:52","","Jr103DJxRsms_mFYKRlYSw"
"1.039","pysqlite ","1B","2015-09-02 18:47:29","2015-09-02 19:49:49","","BA5w5K4qS8ioT90K_jXFJQ"
"0.350","睡觉及打水","4Pr","2015-09-02 18:25:56","2015-09-02 18:46:56","","92cKUHFSSFGJcb8skuhv5w"
"0.250","乱翻手机","4Pr","2015-09-02 18:05:24","2015-09-02 18:20:24","","TTbrpdoGTWehbjt0Z4QM5w"
"0.348","pysqlite ","1B","2015-09-02 16:39:58","2015-09-02 17:00:52","","UmIKRNbYRcefu0-0JILuhQ"
"0.378","对于SQL乱想","1B","2015-09-02 16:07:18","2015-09-02 16:29:59","","hyX9IHJ7RXCmaLknVB_dAg"
"0.097","SQL","1B","2015-09-02 16:00:56","2015-09-02 16:06:44","","5zAw3FeuQ8-7D-yLFFMlDQ"
"0.683","SQL","1B","2015-09-02 15:06:43","2015-09-02 15:47:43","","qJ9PAXPVRzi5QbUFh_CwNQ"
"0.417","给教练打电话，然后感到不舒服","4Pr","2015-09-02 14:40:45","2015-09-02 15:05:45","","FXdEd2IbTOakxIsYsAK4_A"
"0.795","主要是安装sql","1B","2015-09-02 13:49:16","2015-09-02 14:36:58","","IcQtDNetTxy1zYsmt1xALw"
"0.233","不知道该干什么，什么都不想做","4Pr","2015-09-02 13:35:16","2015-09-02 13:49:16","","KdgTHATLSlmqbPloGIHRuw"
"0.833","跑腿发票","4BK","2015-09-02 11:00:24","2015-09-02 11:50:24","","QCmX-662Qju4OdZsNAzkYw"
"1.500","想着去无锡的事及写日记","4Pr","2015-09-02 09:20:53","2015-09-02 10:50:53","","Q8oHwiDlQNKRNjd5Sfjb9w"
"2.000","清洁实验室位置","4O","2015-09-02 07:10:55","2015-09-02 09:10:55","","p-fFoBG_TBK_HRjscG7UWQ"
"0.500","操场练","2S","2015-09-01 21:30:07","2015-09-01 22:00:07","","LtW9UQX-Q6GdmjYSZOZNGg"
"0.823","许 程序","4BK","2015-09-01 20:11:29","2015-09-01 21:00:50","","4Ad0_-PUTB-cHkIG4gJgtg"
"0.818","一半时间花在了乱看资料，本来搜一下就可以解决了","1P","2015-09-01 19:01:31","2015-09-01 19:50:34","","KfDqr2HeS_WN9HVQLPux1g"
"0.635","Coupon 优惠券类别","1P","2015-09-01 18:13:11","2015-09-01 18:51:18","","4A-Lncr2Tn6TeRIhXQgj9A"
"0.470","Coupon(思维不清）","1P","2015-09-01 16:47:47","2015-09-01 17:16:00","","quXeBVJJTci2BKfm0d5CyA"
"0.389","Coupon","1P","2015-09-01 16:02:52","2015-09-01 16:26:11","","zvyRGIaxSWWVdtuTU4a7BQ"
"0.500","帮boss跑腿","4BK","2015-09-01 15:25:19","2015-09-01 15:55:19","","MRixPqO8QIKbTvQ3ge8nsg"
"0.799","SQL","1B","2015-09-01 14:27:24","2015-09-01 15:15:22","","Hujo_r6sQK28PG_zmB8_qw"
"0.467","SQL","1B","2015-09-01 13:47:34","2015-09-01 14:15:36","","m6GBU8mRRLK1oNS4RJsUfg"
"0.488","SQL","1B","2015-09-01 13:04:32","2015-09-01 13:33:48","","hrarIqEwRjqevj9iQYIz9A"
"0.500","SQL","1B","2015-09-01 10:55:03","2015-09-01 11:25:03","","-SPYT1PhRJO5VNWVq_FcBQ"
"0.425","PCI 文档过滤 收尾；SQL","1C","2015-09-01 10:17:50","2015-09-01 10:43:20","","Paz9iSPSQp6rcMJMQ0K2KQ"
"0.250","想 拉普拉斯平滑","1A","2015-09-01 09:50:44","2015-09-01 10:05:44","","JjelhEHeTNyUKLITRUDdZQ"
"0.983","PCI 文档过滤 费舍尔","1C","2015-09-01 08:50:15","2015-09-01 09:49:15","","RcBso3muTk6VYWnGhhYisA"
"0.667","《观呼吸》读了19页","2R","2015-09-01 07:45:13","2015-09-01 08:25:13","","hZeQDE99ROWDgs281prO8A"
"0.500","日记","2PM","2015-09-01 07:10:52","2015-09-01 07:40:52","","lt_5VU1bRtC6DTaKfMbbxQ"
"0.167","乱翻手机","4Pr","2015-09-01 07:00:52","2015-09-01 07:10:52","","HSgFKLFGSU-slcU0sOdW9g"
"0.234","PCI 文档过滤","1A","2015-08-31 21:17:34","2015-08-31 21:31:36","","zp86_e57TSKB637VSUDaaQ"
"0.167","查凸函数","1A","2015-08-31 21:05:55","2015-08-31 21:15:55","","sMQPPp9WTuSu-_tm89qY9w"
"0.270","PCI 文档过滤 对数卡方分布","1A","2015-08-31 20:48:38","2015-08-31 21:04:49","","M48-VbmNS22x_A0Ki4k-pQ"
"0.217","跟同学聊","4Pr","2015-08-31 20:27:57","2015-08-31 20:40:57","","AZQsbIg9SQmwGdru_j7h1Q"
"0.500","跟同学及boss聊","4Pr","2015-08-31 19:55:38","2015-08-31 20:25:38","","cAzcTwkHRKaNy7-_af_wWQ"
"0.483","许 程序及跟boss聊","4BK","2015-08-31 19:20:30","2015-08-31 19:49:30","","t45Na5ohSzmpz6YsVz3MIQ"
"0.550","许 程序","4BK","2015-08-31 18:40:38","2015-08-31 19:13:38","","k_x4Y6RWTG23gvoIaMrU6g"
"0.417","操场练","2S","2015-08-31 17:25:50","2015-08-31 17:50:50","","rWIXfq32Tf6e_S4c9K11OA"
"0.346","许 程序","4BK","2015-08-31 16:55:17","2015-08-31 17:16:02","","2E0gI4TIShiMTRjwbXRPEg"
"0.545","许 程序","4BK","2015-08-31 16:13:57","2015-08-31 16:46:38","","L23nXLzaTSye1x-Mz0zggA"
"0.108","许 程序","4BK","2015-08-31 15:55:45","2015-08-31 16:02:12","","A666hAUEThCo1ByQiiTgyg"
"0.896","《统计学习方法》SVM","1A","2015-08-31 14:43:30","2015-08-31 15:37:16","","TKqhjN0VRNOErzG5rg7Jiw"
"0.679","《统计学习方法》SVM","1A","2015-08-31 13:52:03","2015-08-31 14:32:47","","sIdi7vNVTbmCDUgzGWI6Gw"
"0.186","腾讯志愿者","4Pr","2015-08-31 13:40:48","2015-08-31 13:51:59","","H79DuZNEThCtyds6dSFG2A"
"0.809","许 程序","4BK","2015-08-31 11:10:21","2015-08-31 11:58:55","","p_LHOEW2S0GLyDkfbGT9BA"
"0.650","许 程序","4BK","2015-08-31 10:17:36","2015-08-31 10:56:37","","idGyonoaT22Gm7LWuaZLhg"
"0.333","乱看手机视频","4E","2015-08-31 09:40:36","2015-08-31 10:00:36","","zGf4uPI2T3G9VJD159manw"
"0.420","许 程序","4BK","2015-08-31 09:12:08","2015-08-31 09:37:19","","Vd79j5lhT2iNc1mB2RvkZw"
"0.594","许 程序","4BK","2015-08-31 08:18:24","2015-08-31 08:54:02","","GeZ4P1ykR1mXNqaHlBhNmA"
"0.333","《观呼吸》","2R","2015-08-31 07:50:50","2015-08-31 08:10:50","","rXMjMH2MTv6mXc5uV4r6ew"
"0.517","日记","2PM","2015-08-31 07:10:44","2015-08-31 07:41:44","","rvpG1BETTMOPOXdBD6J94A"
"0.250","《观呼吸》","2R","2015-08-31 06:15:16","2015-08-31 06:30:16","","jDPZoB26T6G8rAQkW7Sbqg"
"0.167","《观呼吸》","2R","2015-08-30 22:55:41","2015-08-30 23:05:41","","YibojBjtT0WxpKd8pc7LaA"
"0.167","宿舍练","2S","2015-08-30 22:30:14","2015-08-30 22:40:14","","fHM5byn9T-iP1FIpdLaUYg"
"0.500","电脑上乱看","4E","2015-08-30 21:40:25","2015-08-30 22:10:25","","oNeA1ffIRhi_jAJRXsNWdA"
"0.574","徐 程序","4BK","2015-08-30 20:59:26","2015-08-30 21:33:52","","IA9NeecfRsawnvArEH47wQ"
"0.483","《统计学习方法》SVM","1A","2015-08-30 20:22:34","2015-08-30 20:51:31","","O5QJnKi8T6SK92X2ajnphw"
"0.124","等待VS安装，不知道该干什么","4Pr","2015-08-30 20:11:21","2015-08-30 20:18:46","","pQWH9nXITluFRwBN1JGw8g"
"0.579","《统计学习方法》SVM","1A","2015-08-30 19:29:21","2015-08-30 20:04:06","","Eo4FMeo8T2GJ_TXWJgMc6A"
"0.491","《统计学习方法》SVM","1A","2015-08-30 18:48:24","2015-08-30 19:17:51","","ax0G0fUaRzWoPG8klWB4yw"
"0.250","不知道该干什么","4Pr","2015-08-30 18:30:42","2015-08-30 18:45:42","","CCntwZS2TOm4dgazt5TthA"
"0.377","PCI 文档过滤 费舍尔","1C","2015-08-30 16:53:03","2015-08-30 17:15:39","","WmZxRis4QJaa548-J4QeGA"
"0.207","PCI 文档过滤 费舍尔","1C","2015-08-30 16:36:27","2015-08-30 16:48:53","","N6RoSYCWTqCPB_Iqi8ZPrw"
"0.133","不知道该干什么","4Pr","2015-08-30 16:26:37","2015-08-30 16:34:37","","Vq2ma6NBQQaOmt5MRFUNYA"
"0.250","老板问","4BK","2015-08-30 16:10:05","2015-08-30 16:25:05","","BQ0rmwj5RByQ7pWepAumVw"
"1.004","PCI 文档过滤 简单的不到30行程序","1C","2015-08-30 14:58:17","2015-08-30 15:58:32","","jVCZuUO0SQSyLAKrpVReTA"
"0.567","PCI 文档过滤","1C","2015-08-30 14:10:50","2015-08-30 14:44:50","","mkMYq4-qRMKXv-FstNDPLA"
"0.500","周日记","2PM","2015-08-30 13:30:05","2015-08-30 14:00:05","","bRs3cR84Qt6Ho_4utec4fA"
"0.500","周日记","2PM","2015-08-30 11:10:18","2015-08-30 11:40:18","","0KsivH6KT8yvrCBMCvDedQ"
"0.578","周日记","2PM","2015-08-30 10:13:01","2015-08-30 10:47:43","","5TD5fnbiRraUAbKtoD71eg"
"0.583","蒙面歌王","4E","2015-08-30 09:30:17","2015-08-30 10:05:17","","Wepsfh9hSROUnRtUj6-QNQ"
"1.167","周日记","2PM","2015-08-30 08:10:20","2015-08-30 09:20:20","","24eNilQKRACK4VclmhVWqw"
"0.417","操场练","2S","2015-08-29 17:15:56","2015-08-29 17:40:56","","qTKwgwDOSwOo-AQ790muKw"
"0.667","看综艺节目","4Pr","2015-08-29 16:30:35","2015-08-29 17:10:35","","Xxqyb-BDT5qNj4SMVcyTtA"
"2.205","Coupon visit","3OL","2015-08-29 14:08:30","2015-08-29 16:20:48","","a2vt2JMrRDOj0wscTzBI4w"
"0.283","PCI docclass prob的理论猜想","1C","2015-08-29 11:45:35","2015-08-29 12:02:35","","zyinE-3mRzeEL3o3Q4YB1g"
"0.555","PCI docclass prob","1C","2015-08-29 10:53:47","2015-08-29 11:27:05","","3-rzRRtMQxmTcOhkT6_z_w"
"0.521","PCI docclass","1C","2015-08-29 10:01:55","2015-08-29 10:33:12","","fjAyiKPxSeCoIVnb_Ck16w"
"0.429","PCI docclass","1C","2015-08-29 09:15:39","2015-08-29 09:41:22","","I_oEnT1WRyaOEJ3_a4EguQ"
"0.407","PCI 文档过滤","1A","2015-08-28 21:16:29","2015-08-28 21:40:53","","VXD9qjlTQW6OzPilyn8s1w"
"0.583","想怎么跟唐婷说","4Pr","2015-08-28 20:40:36","2015-08-28 21:15:36","","GaTqNXfSRiaJ1n4A2jqQkw"
"0.333","微信和不知道自己该干嘛","4Pr","2015-08-28 20:10:05","2015-08-28 20:30:05","","L0IIIRXyT6yKLYEZQnvcVQ"
"0.500","看电视剧","4Pr","2015-08-28 19:15:54","2015-08-28 19:45:54","","afs23jPmQ9uxXjN4JqOphA"
"6.000","到南京弄牙（时间段估计）","4Pr","2015-08-28 07:07:07","2015-08-28 13:07:07","","GEoqBesfREG5lWuj2YoMiw"
"1.167","论文复杂度分析（自己完全可以不做）","4BK","2015-08-27 21:15:09","2015-08-27 22:25:09","","2ZBKfAmPS9-So5dBjmfAPQ"
"0.417","操场练","2S","2015-08-27 20:30:12","2015-08-27 20:55:12","","Sii1Ic4gQKmLc15owrQHng"
"0.333","不知道该做什么好，什么事都不想做","4Pr","2015-08-27 20:00:16","2015-08-27 20:20:16","","Cf-FYwA2Qh-ixdvrv3LKkA"
"0.699","Coupon想优雅的方法，然后没前进","3OL","2015-08-27 19:13:53","2015-08-27 19:55:51","","MenWYnGlQV6v5KviUibl3g"
"1.250","恶习","4Pr","2015-08-27 16:30:37","2015-08-27 17:45:37","","gmeR8ujZSVymC32FJAxLlA"
"0.393","看论文","4BK","2015-08-27 16:00:54","2015-08-27 16:24:29","","9zXMMTW8RD6nSVj0F6q7Fg"
"0.648","看论文","4BK","2015-08-27 15:00:28","2015-08-27 15:39:22","","V09MxSWwS-6rsG83SudaLw"
"0.560","看论文","4BK","2015-08-27 14:08:50","2015-08-27 14:42:25","","vry2HNilQXiNfYsmTGCCEA"
"0.500","日记（状态差）","2PM","2015-08-27 13:30:52","2015-08-27 14:00:52","","3Jem4qDaSCCQa3p4JX-CVg"
"0.767","状态差，基本上什么事都没做","4Pr","2015-08-27 11:15:45","2015-08-27 12:01:45","","R5taWnInSBqhf7InINgBPg"
"3.500","学车","4O","2015-08-27 07:30:51","2015-08-27 11:00:51","","_ZhDXGy5RFSCdjxw3NHuDw"
"0.167","宿舍练","2S","2015-08-26 23:25:06","2015-08-26 23:35:06","","YxUy4CxMRfONK9PBeSaTxQ"
"0.200","看论文","4BK","2015-08-26 21:13:14","2015-08-26 21:25:14","","WXLsY4U2STWZ6H3qKqkEbA"
"2.365","Coupon时间日期","3OL","2015-08-26 18:30:25","2015-08-26 20:52:20","","FIwrDfI0Ro2ef6qIMR4N9g"
"2.000","恶习","4Pr","2015-08-26 15:00:18","2015-08-26 17:00:18","","xKVyFfXjQU6pNGf_Nrfl2w"
"0.976","Coupon时间日期","3OL","2015-08-26 13:52:26","2015-08-26 14:50:58","","TyautOBgQDmR926sbKCUuA"
"0.428","Coupon","3OL","2015-08-26 11:29:17","2015-08-26 11:54:58","","A2SLFnJZTUuwxxiBrNTP8g"
"0.916","《PCI》SVM","1C","2015-08-26 10:23:32","2015-08-26 11:18:30","","S02K023WTe2X7clvEmd3oQ"
"0.728","《PCI》SVM","1C","2015-08-26 09:24:04","2015-08-26 10:07:46","","O17IhVXfREWvewIIlUbkKQ"
"1.333","《PCI》SVM","1C","2015-08-25 21:00:15","2015-08-25 22:20:15","","8irATxZ6S-ylpEs4MSKL-Q"
"0.491","《PCI》SVM","1C","2015-08-25 20:21:17","2015-08-25 20:50:43","","PBK7rVvtS1aFM7XIMLI0Lg"
"0.437","《PCI》SVM","1C","2015-08-25 19:43:54","2015-08-25 20:10:06","","CHfXi2iqS-OvLsuU5-3Byw"
"0.750","看电视剧","4Pr","2015-08-25 18:30:01","2015-08-25 19:15:01","","5GD3r28XTUiOk44FddpM3A"
"0.583","《PCI》SVM","1C","2015-08-25 17:00:21","2015-08-25 17:35:21","","OwD5dlyiSkeDpSLH6KZw9Q"
"1.250","恶习","4Pr","2015-08-25 15:25:43","2015-08-25 16:40:43","","jXkJ_krAQCy8vbAvISZzBQ"
"0.750","《PCI》SVM","1C","2015-08-25 14:35:54","2015-08-25 15:20:54","","avuIEdK1S0ys2A6GOFw4NQ"
"0.667","《PCI》SVM","1C","2015-08-25 13:40:14","2015-08-25 14:20:14","","gRycC3zeQmSwAfE6u-PU5A"
"4.000","周日记怎么写","2PM","2015-08-25 07:30:08","2015-08-25 11:30:08","","38FpPc5wSZamMP26-qH_ZA"
"3.650","王论文修改","4BK","2015-08-24 19:01:37","2015-08-24 22:40:37","","EliQyU_dQNi9hZ7MS2TqvQ"
"1.217","王论文修改","4BK","2015-08-24 16:31:54","2015-08-24 17:44:54","","qKlAUJ_KSmWoBxH0CEBULg"
"0.667","看论文","4BK","2015-08-24 15:40:22","2015-08-24 16:20:22","","vOGxaxDRRQmJ7sHjmtgZYQ"
"0.433","看论文","4BK","2015-08-24 15:03:08","2015-08-24 15:29:08","","6Ezrl88aQR2nK_-gU5nz5g"
"0.517","发呆，什么都不想干","4Pr","2015-08-24 14:30:27","2015-08-24 15:01:27","","xqVnlTaITBerjubhInmwQw"
"1.000","帮boss拿钥匙","4BK","2015-08-24 13:30:21","2015-08-24 14:30:21","","c6FoOkLpTnKtnRHWBcHfzw"
"0.667","搬东西","4Pr","2015-08-24 11:10:42","2015-08-24 11:50:42","","A-sGFLQOQCSY0RGCyiHicA"
"1.000","Coupon想方法","3OL","2015-08-24 10:00:42","2015-08-24 11:00:42","","TV1sqRg-QIijIB20n5DXJQ"
"2.000","想着怎么写周日记，去弄日历类应用等","4Pr","2015-08-24 07:45:53","2015-08-24 09:45:53","","PeZ170OdTSertNar-GLutg"
"2.000","受搬东西及彪哥来实验室的影响，学习效率很低","4Pr","2015-08-23 18:30:37","2015-08-23 20:30:37","","DNgRHygeTQucnDH6wjhYOQ"
"0.333","Coupon想方法","3OL","2015-08-23 16:30:58","2015-08-23 16:50:58","","uuKWNgG8QlCvyiPZQhAwaw"
"0.517","Coupon想方法","3OL","2015-08-23 15:50:59","2015-08-23 16:21:59","","TLKYpgrESPO7t6nl7BUkEQ"
"0.650","《集体智慧》支持向量机","1A","2015-08-23 14:51:50","2015-08-23 15:30:50","","n7079sZoQqWWVKYZDx03Aw"
"0.483","《集体智慧》支持向量机，受搬东西影响","1A","2015-08-23 14:09:57","2015-08-23 14:38:57","","VlMyKRXeShWgPv6-EVx06A"
"0.700","了解公司","3OL","2015-08-23 11:08:05","2015-08-23 11:50:05","","0W3sUFtvRTq9UhjK_68v_A"
"0.383","想着怎么问代老师：自己接下来做什么","4BK","2015-08-23 10:25:33","2015-08-23 10:48:33","","Ra3MytCGTcStcPRu5LEhQg"
"0.500","《集体智慧》支持向量机","1A","2015-08-23 09:45:42","2015-08-23 10:15:42","","sTy43KMHTvSDnuJveDN6HA"
"0.850","周日记怎么写","4Pr","2015-08-23 08:39:36","2015-08-23 09:30:36","","pJAoeD--S0evJPyo9y5feA"
"0.833","装日历类应用软件","4Pr","2015-08-23 07:40:59","2015-08-23 08:30:59","","q0dT4lr4Q4mEmO-yLAaZ2Q"
"0.183","Coupon题意理解","3OL","2015-08-21 20:50:55","2015-08-21 21:01:55","","BQNw_F-WSouYtaM4MidD0A"
"0.250","《集体智慧》决策树","1A","2015-08-21 20:35:55","2015-08-21 20:50:55","","R7Ah2qzUSL-FIQFm9JakUA"
"0.500","《集体智慧》决策树","1C","2015-08-21 19:55:26","2015-08-21 20:25:26","","8VhMYft4SuWKN6JLJOYZvQ"
"1.000","《集体智慧》决策树","1C","2015-08-21 18:50:40","2015-08-21 19:50:40","","SOjK7-SiTxappKF4lfpzHg"
"0.500","《观呼吸》","2R","2015-08-21 16:30:55","2015-08-21 17:00:55","","9D8GukTGSKWwwpjO_GUpAg"
"0.667","《集体智慧》决策树,Ipython使用","1C","2015-08-21 15:35:27","2015-08-21 16:15:27","","IvvgF5rESTeH-swfQ4G7wg"
"0.567","《集体智慧》决策树,Ipython使用","1C","2015-08-21 14:52:46","2015-08-21 15:26:46","","Ui8e_N3ES1WU2NTTFtYyWw"
"0.417","看综艺节目","4Pr","2015-08-21 14:15:24","2015-08-21 14:40:24","","BLt_8huHTGypO6sA1PUKfw"
"0.517","Coupon题意理解","3OL","2015-08-21 13:35:53","2015-08-21 14:06:53","","v5tP4cu8R3ix-fQFgbHIqQ"
"1.750","《集体智慧》决策树，大量时间用来调一个bug.(该段时间为合并计时","1C","2015-08-21 10:30:13","2015-08-21 12:15:13","","5Di8KFCMThKc7dyen4kL-w"
"0.583","《集体智慧》决策树","1C","2015-08-21 09:50:14","2015-08-21 10:25:14","","0aV8kXK6R6OuRKzHnkczzA"
"0.817","《观呼吸》100至115","2R","2015-08-21 08:01:47","2015-08-21 08:50:47","","6ZSQLA8wSzWz20vF7c8fGw"
"0.317","早晨前准备","4Pr","2015-08-21 07:40:36","2015-08-21 07:59:36","","p1brX7ezS6iUQWXTIl9bHA"
"0.333","记录时间","2PM","2015-08-20 21:00:45","2015-08-20 21:20:45","","MSVEMbu6Td-b4xmvEHqmeA"
"0.167","《集体智慧》决策树","1A","2015-08-20 20:50:45","2015-08-20 21:00:45","","qBWmsP-wQeqp1MFKGchEBg"
"0.833","《集体智慧》决策树","1A","2015-08-20 19:50:59","2015-08-20 20:40:59","","dYY3ddKRQq2qJnDUJ9r5iw"
"0.483","Numpy","1C","2015-08-20 19:11:09","2015-08-20 19:40:09","","yiSIbX99T2evf_SnfX0Nuw"
"0.250","Coupon题意理解","3OL","2015-08-20 16:45:31","2015-08-20 17:00:31","","O08TNGfdS9WnuRtN765O8Q"
"1.083","聊天及王论文加图","4BK","2015-08-20 15:30:55","2015-08-20 16:35:55","","LXerecsxSHq4z-JhW2a5Tw"
"0.500","Coupon题意理解","3OL","2015-08-20 14:45:01","2015-08-20 15:15:01","","914Eqg4MSWyixxAH0cbV7A"
"0.650","Coupon题意理解","3OL","2015-08-20 13:57:18","2015-08-20 14:36:18","","IX4sxn-rTVCvLN-14cp6_A"
"0.250","王论文加图","4BK","2015-08-20 13:40:46","2015-08-20 13:55:46","","SSzOW8ikRhSOA21E2caNxA"
"0.917","学习资料如何收集和记载","3OL","2015-08-20 11:05:45","2015-08-20 12:00:45","","UnYpbg34QGWBeEAeQJlzcQ"
"1.500","王论文加图","4BK","2015-08-20 09:10:38","2015-08-20 10:40:38","","jEyhjE2MQr6_BYY5P4Wlkg"
"0.983","总结天池比赛","3OL","2015-08-19 20:30:55","2015-08-19 21:29:55","","dLm1QE-jSBqDJDCkiOa3Mw"
"1.100","王论文程序","4BK","2015-08-19 19:19:27","2015-08-19 20:25:27","","UfZ_e_xaS_aE-dGAqYZrbw"
"0.250","看综艺节目","4Pr","2015-08-19 18:30:44","2015-08-19 18:45:44","","dOdMG5ypRxSnpxBeiZFQhg"
"0.600","操场练","2S","2015-08-19 17:25:04","2015-08-19 18:01:04","","JlgVq_cjQWermITr1h-AKw"
"0.317","王程序","4BK","2015-08-19 16:51:05","2015-08-19 17:10:05","","7RBC55DlSrWtoA7Po81gJw"
"0.167","翻墙","4Pr","2015-08-19 16:35:31","2015-08-19 16:45:31","","TQzRqUYhTWG-60WZX5vgyg"
"0.417","《统计学习方法》回顾","1A","2015-08-19 16:00:31","2015-08-19 16:25:31","","gJc5u3ATSmuZji-tZWeG0A"
"0.750","《统计学习方法》回顾","1A","2015-08-19 15:05:54","2015-08-19 15:50:54","","GGStuvzFSYSkvUr5o1dHaA"
"0.500","《统计学习方法》回顾；马尔可夫","1A","2015-08-19 14:20:37","2015-08-19 14:50:37","","euZJqauvRGy-92xLu_BdsQ"
"0.500","恶习","4Pr","2015-08-19 13:30:57","2015-08-19 14:00:57","","P8IX3avTSbOenLc3-OnqZg"
"1.950","Vps翻墙","3OL","2015-08-19 09:43:49","2015-08-19 11:40:49","","ovvttf72S_Gtu0wt0j4G7g"
"0.500","Coupon翻译","3OL","2015-08-19 09:10:46","2015-08-19 09:40:46","","2kCpjRsSRkSXjDWXUaZRdA"
"1.167","Coupon翻译","3OL","2015-08-18 20:20:23","2015-08-18 21:30:23","","NuJkQ8UrSAWK6s7wzqmlrA"
"0.167","精力不济","4Pr","2015-08-18 20:05:32","2015-08-18 20:15:32","","dBlX_3gSSWWb1_Fnkvi8uw"
"0.750","Coupon翻译","3OL","2015-08-18 19:20:32","2015-08-18 20:05:32","","tQ-fzW6kTN64DYUGaF5--A"
"0.333","看综艺节目","4Pr","2015-08-18 18:45:53","2015-08-18 19:05:53","","zWUThPDnSSawLtnFFLrdUQ"
"2.500","听阿里比赛","3OL","2015-08-18 14:00:18","2015-08-18 16:30:18","","H5DkUJ33RVCLm8BGLeX5CA"
"4.500","听阿里比赛","3OL","2015-08-18 07:30:23","2015-08-18 12:00:23","","6gndMGVBSt6h_I28kqhjcA"
"1.133","Coupon翻译程序中的一个小点","3OL","2015-08-17 20:45:11","2015-08-17 21:53:11","","qKxdlyZUTxKmkMKd1aATmA"
"0.500","了解推荐系统","1A","2015-08-17 20:10:10","2015-08-17 20:40:10","","p4Bv5wM4Q-GufNzdVBYVBg"
"0.667","了解推荐系统","1A","2015-08-17 19:10:05","2015-08-17 19:50:05","","FUkf4YNCSvWQSTMfK-QaQg"
"0.500","操场练","2S","2015-08-17 17:35:38","2015-08-17 18:05:38","","O8-sjRiqT-CR33rd0byUpQ"
"1.850","王程序","1A","2015-08-17 15:14:46","2015-08-17 17:05:46","","uZCU-dGDSZmJoBT1CBAWRg"
"1.483","王程序","4BK","2015-08-17 13:20:55","2015-08-17 14:49:55","","Im3EZeIgS6GLZKt3w7iqFg"
"1.750","王论文加实验","4BK","2015-08-17 09:50:34","2015-08-17 11:35:34","","qLiMgSDwQ827AvI2TGyWgw"
"0.483","王论文加实验","4BK","2015-08-17 09:11:14","2015-08-17 09:40:14","","1eVELJGrQy-lNFdwHSs85A"
"0.500","清扫实验室地面","4O","2015-08-17 08:20:14","2015-08-17 08:50:14","","4-MiWPfXRKikrJhbT4XJ8A"
"0.250","日记","2PM","2015-08-17 08:01:59","2015-08-17 08:16:59","","AsGRjIKuRAKCHob39O2Siw"
"0.183","看8卦新闻","4Pr","2015-08-17 07:50:59","2015-08-17 08:01:59","","Ql5WtMFKSR6sY55R-I41qQ"
"0.500","SVN提交","4BK","2015-08-16 21:30:01","2015-08-16 22:00:01","","zL7YSwtlRVGaxbBZ2FZJ2w"
"0.750","Coupon的一个小点","3OL","2015-08-16 20:35:29","2015-08-16 21:20:29","","S40_RlDSRlyHXqq6L-_R9A"
"0.833","核实王论文程序","4BK","2015-08-16 19:35:04","2015-08-16 20:25:04","","leu7Hiv_Qq63mXR2tswR4g"
"1.250","出去逛","4Pr","2015-08-16 18:10:59","2015-08-16 19:25:59","","kOdUAM_sR96ojwmSDHXKpg"
"0.517","Coupon翻译","3OL","2015-08-16 16:39:48","2015-08-16 17:10:48","","rQNIYewIS5CShaX8Rtzjxg"
"0.500","Coupon在3.0下运行","3OL","2015-08-16 16:00:17","2015-08-16 16:30:17","","91c2e2xrSJWub2pWC8kPGg"
"0.500","Anaconda切换到3.0","3OL","2015-08-16 15:20:18","2015-08-16 15:50:18","","uvQmEQ_9RvasdBf-KwhUfA"
"1.350","《统计学习方法》随机场及收尾，但后来感到精力不济","1A","2015-08-16 13:41:06","2015-08-16 15:02:06","","4rudg0VMTuae31TFrgkJ5Q"
"1.000","Anaconda切换到3.0","3OL","2015-08-16 10:40:10","2015-08-16 11:40:10","","z-klYrUnTFe4SLOYUlR8xA"
"0.417","Coupon","3OL","2015-08-16 10:10:35","2015-08-16 10:35:35","","nsMaPO0tTliYhiM_-NMzDA"
"0.417","Coupon","3OL","2015-08-16 09:35:05","2015-08-16 10:00:05","","vjcdcNQNQE288Ngwc9u1FA"
"0.333","《观呼吸》47至55","2R","2015-08-16 09:05:45","2015-08-16 09:25:45","","buR7dZHLSMuVarwGNbjWoA"
"0.500","问小强","2PM","2015-08-16 08:15:10","2015-08-16 08:45:10","","asS3iwPbSb2PUej8CIEy_A"
"0.500","周计划","2PM","2015-08-16 07:40:47","2015-08-16 08:10:47","","lNO02NkaRQaT5oWtay6vQA"
"0.750","Insanity","2R","2015-08-15 16:20:37","2015-08-15 17:05:37","","Rcm1mCIzQeWh6ms99FXh4Q"
"0.333","操场练","2S","2015-08-14 22:30:05","2015-08-14 22:50:05","","QLfYUZzcRzeyUkzGqeEvsg"
"0.167","Coupon翻译","3OL","2015-08-14 21:30:36","2015-08-14 21:40:36","","TTzQJFdkS1aXTc4XI_1iQQ"
"0.417","同学问自己；跟老板聊","4O","2015-08-14 21:05:29","2015-08-14 21:30:29","","KViIgVnETk6MOqEfkN2Axg"
"0.667","Coupon翻译","3OL","2015-08-14 20:20:09","2015-08-14 21:00:09","","SiQlu1UET1W3HYBIQ83cnQ"
"1.433","王论文：跟张讨论及引定理","4BK","2015-08-14 18:35:16","2015-08-14 20:01:16","","5hnYAn2iSIe3ybMIY4EUKw"
"1.083","王论文修改","4BK","2015-08-14 16:20:43","2015-08-14 17:25:43","","P-fMNijuSRehGiKVle9Dbw"
"0.500","《统计学习方法》随机场","1A","2015-08-14 15:40:57","2015-08-14 16:10:57","","_ZAK73_2Qv28ODudGOTB-w"
"1.650","Coupon翻译","3OL","2015-08-14 13:35:44","2015-08-14 15:14:44","","fhM30DWmSUOr2ZPbrRSr_Q"
"0.350","同学问自己","4O","2015-08-14 11:40:06","2015-08-14 12:01:06","","4CtsKtKGTkCzrpnzjiciXQ"
"1.500","《统计学习方法》最大熵及网上查这个，但发现网上跟书上差不多","1A","2015-08-14 09:40:36","2015-08-14 11:10:36","","noTvqmw9TZucyUhSZvw5Aw"
"0.250","《观呼吸》","2R","2015-08-14 09:10:51","2015-08-14 09:25:51","","JmZvzhMtQdyvMClira3q6A"
"0.583","LeetCode","1C","2015-08-13 21:40:16","2015-08-13 22:15:16","","J1fUwqo9R3qeVrPHDukjbw"
"2.850","跟张讨论及定理引入","4BK","2015-08-13 18:10:45","2015-08-13 21:01:45","","_VGhYMnNTyqTkLPLH01xbA"
"1.017","《统计学习方法》提升树，开始6章","1A","2015-08-13 16:00:11","2015-08-13 17:01:11","","WFOd73U5SD-QVpPkTUSQtg"
"0.250","跟张讨论王论文","4BK","2015-08-13 15:35:41","2015-08-13 15:50:41","","17hMx7rXQbW1oFiX_QtHeg"
"1.667","王论文","4BK","2015-08-13 13:30:13","2015-08-13 15:10:13","","vvQQdC6YQGapKSNuvgaLLA"
"0.517","王论文及查资料","4BK","2015-08-13 11:25:13","2015-08-13 11:56:13","","TD4ixcf_Sca2o5peQftgBg"
"2.000","Coupon baselineCode及翻译","1A","2015-08-13 09:10:49","2015-08-13 11:10:49","","PwwYClSISOSXCk4j9rvNgg"
"0.250","《从1到无穷大》","2R","2015-08-13 08:45:24","2015-08-13 09:00:24","","XaG8ClOGSqGXPqbmovFmoA"
"2.167","查资料","4BK","2015-08-12 19:20:53","2015-08-12 21:30:53","","HyxjzGeCRumt8F9Oa4XQoA"
"0.583","操场练","2R","2015-08-12 17:45:04","2015-08-12 18:20:04","","867TbCyZTbOhzC46J7j2fg"
"1.000","Coupon看题","1A","2015-08-12 16:20:33","2015-08-12 17:20:33","","gP5QX2NYRne975DTDsfPQQ"
"2.800","练车","4O","2015-08-12 13:15:38","2015-08-12 16:03:38","","HNVSwHKORcy_2jgb9euoGA"
"0.500","Coupon看题","1A","2015-08-12 11:20:11","2015-08-12 11:50:11","","4slw5oXSSOuUVBUPeWaN1Q"
"0.250","王论文","4BK","2015-08-12 11:00:37","2015-08-12 11:15:37","","BH3lRbBQRtubIWQM5a7QAw"
"1.083","《统计学习方法》8.1","1A","2015-08-12 09:40:42","2015-08-12 10:45:42","","N3pJ58tDSWyCM5unbxA3rQ"
"0.167","《从1到无穷大》","2R","2015-08-12 09:30:42","2015-08-12 09:40:42","","u5TBo6FiRCeedmIscR8ocQ"
"1.667","总结及计划","4Pr","2015-08-12 07:30:47","2015-08-12 09:10:47","","3KkKuupQT3u6UQQwG1_4ow"
"1.681","看Kaggle上的一个题目，但Kaggle上的手机验证，花了很长时间","3OL","2015-08-11 18:30:07","2015-08-11 20:10:57","","RNm72RHsRjGYKt9BkGGE7g"
"1.167","看Kaggle上的一个题目","3OL","2015-08-11 15:40:49","2015-08-11 16:50:49","","ACjsTM2gTbu5jW3-Zljv_Q"
"1.317","瞎想这个学期该做什么","4Pr","2015-08-11 14:11:50","2015-08-11 15:30:50","","sJfbX7esRQWDhU87AaoSRQ"
"0.667","王程序","4BK","2015-07-25 20:05:08","2015-07-25 20:45:08","","v7AbZnZORiysBZ3pK67iXQ"
"0.333","操场练","2S","2015-07-24 22:30:56","2015-07-24 22:50:56","","Gbu4yF5jS56oSXk03o_3cw"
"0.333","观察数据及与张讨论，纯粹的无聊之举","4Pr","2015-07-24 21:30:52","2015-07-24 21:50:52","","kslEO5MdSyqTyjRByDWmrg"
"1.250","蚂蚁金服最后的代码编完","1C","2015-07-24 20:00:54","2015-07-24 21:15:54","","jv7sZR_2TqGNoHzI6vO3Wg"
"0.500","感到状态差而休息，但一会学习时发现精力是足够学习用的","4Pr","2015-07-24 19:30:54","2015-07-24 20:00:54","","Qd_-mmXsSnewM6uR5lmgAg"
"0.500","《曾国藩2》55至68","2R","2015-07-24 19:00:54","2015-07-24 19:30:54","","f74uLtQDQ-KfWy3_Bfs2bQ"
"0.333","打水等闲事","4Pr","2015-07-24 18:40:54","2015-07-24 19:00:54","","dhzmezrPQh6H4SomCXhswg"
"0.917","Java编整理arff的说明，说明只有几句话，自己太磨叽","4BK","2015-07-24 16:40:47","2015-07-24 17:35:47","","KHeWjcxNSpKcaaSH32sodQ"
"1.000","Java编整理arff","1C","2015-07-24 15:20:14","2015-07-24 16:20:14","","Jdud5aMmRyq5caPWUOT0Gw"
"1.083","Java编整理arff","1C","2015-07-24 14:00:23","2015-07-24 15:05:23","","08p2cdZaSMO1HK0h1p5-vg"
"0.250","王程序","4BK","2015-07-24 13:45:23","2015-07-24 14:00:23","","D_i3lCm6TfiXgBYwcpyBhg"
"0.333","王程序及arff","4BK","2015-07-24 11:45:11","2015-07-24 12:05:11","","SCt6LgOTTUyylnphUXDH_w"
"1.333","《统计学习方法》66至74","1A","2015-07-24 10:10:37","2015-07-24 11:30:37","","gZd90Gf1QcyqaHf6vJ-Dhw"
"0.750","《曾国藩2》23至54","2R","2015-07-24 09:15:11","2015-07-24 10:00:11","","BeZF7GamQmWpGY7vHUzVhw"
"0.400","日记及时间记录","4Pr","2015-07-24 08:35:10","2015-07-24 08:59:10","","MHYz61gFQKSeooz5kJDdAA"
"0.250","王程序","4BK","2015-07-24 08:00:20","2015-07-24 08:15:20","","6gFTS81FTY-OKL3_-XZ1dA"
"0.567","洗衣服","4Pr","2015-07-24 06:55:34","2015-07-24 07:29:34","","rrWSwqKCQzaph-UM9iHHnA"
"0.500","操场练","2S","2015-07-23 22:10:50","2015-07-23 22:40:50","","Nu3m2zvZRVyrkhtHBEH2iQ"
"0.500","《统计学习方法》63至65","1A","2015-07-23 21:10:50","2015-07-23 21:40:50","","EUx8a0ftQ2ejmlShPVjvyQ"
"1.000","跟boss讨论，向张请教王论文","4BK","2015-07-23 19:40:09","2015-07-23 20:40:09","","vwrCk_IATxuX_OwysWbSTA"
"0.920","跟彪哥讨论蚂蚁金服","4Pr","2015-07-23 18:40:19","2015-07-23 19:35:32","","4StgpywwROa3BibuE-XWPA"
"0.250","《统计学习方法》","1A","2015-07-23 16:40:53","2015-07-23 16:55:53","","e1ZWRZF0TeS8XMnsL7kA8Q"
"0.250","王程序","4BK","2015-07-23 16:20:17","2015-07-23 16:35:17","","KtCvSEAhQZOcvDZghGjifA"
"0.506","《统计学习方法》55至60","1A","2015-07-23 15:40:16","2015-07-23 16:10:37","","RdFWNxb6RBq3Vu8tdGcTtg"
"1.167","王程序","3OL","2015-07-23 14:00:27","2015-07-23 15:10:27","","qXzOqAqtQlOILMKjHL-jcw"
"1.833","王程序","3OL","2015-07-23 09:50:24","2015-07-23 11:40:24","","9FEUK9pSTWyWW1_9dl3SaA"
"0.250","《曾国藩2》15至22","2R","2015-07-23 09:25:06","2015-07-23 09:40:06","","cyz9C3D-RQy47ExYYcmiJw"
"2.333","蚂蚁金服测试","1A","2015-07-22 18:30:40","2015-07-22 20:50:40","","Vkb4JNZDTWu0DxTW3tUX-w"
"3.167","蚂蚁金服观察特征","1A","2015-07-22 13:40:05","2015-07-22 16:50:05","","WJmdNStKQ1ecMB473jltfA"
"1.333","王程序","3OL","2015-07-22 10:30:30","2015-07-22 11:50:30","","H-0KDwfARzOZGMyeXFxBDw"
"0.417","选书，买书","4Pr","2015-07-22 09:50:50","2015-07-22 10:15:50","","gHE1K55nQdie7ZufIsqmFQ"
"0.417","《曾国藩2》至14","2R","2015-07-22 09:15:51","2015-07-22 09:40:51","","CMM059RrQcyLt7nrbYr6pg"
"0.167","日记","4Pr","2015-07-22 08:50:53","2015-07-22 09:00:53","","rAOKeLC5TBmz21K7sCoDHQ"
"0.417","周日记完成","4O","2015-07-22 08:15:59","2015-07-22 08:40:59","","P7f3M4zOQlCRGdiVH8srOg"
"0.083","购物","4O","2015-07-21 13:45:56","2015-07-21 13:50:56","[2015-07-21 22:01:23] 淘宝","Uzvn_R_qTX-mpnhmppxuDw"
"0.250","购物","4O","2015-07-21 13:30:56","2015-07-21 13:45:56","","hhROKoiNQCmfuxQZZieK4A"
"#tag: {""name"":""1A"",""description"":""算法（机器学习理论及常用）与理论"",""lastUsed"":""2016-02-22 13:20:48"",""background"":-12798977,""foreground"":-13092808}",,,,,,
"#tag: {""name"":""1B"",""description"":""大数据处理工具"",""lastUsed"":""2015-09-02 11:50:04"",""background"":-12798977,""foreground"":-13092808}",,,,,,
"#tag: {""name"":""1C"",""description"":""编程"",""lastUsed"":""2016-03-01 14:40:06"",""background"":-12798977,""foreground"":-13092808}",,,,,,
"#tag: {""name"":""1P"",""description"":""Project:一些实际问题的解决"",""lastUsed"":""2016-03-01 00:24:02"",""background"":-12798977,""foreground"":-13092808}",,,,,,
"#tag: {""name"":""2E"",""description"":""英语"",""lastUsed"":""2015-10-24 00:20:30"",""background"":-12129405,""foreground"":-13092808}",,,,,,
"#tag: {""name"":""2PM"",""description"":""个人管理"",""lastUsed"":""2016-03-01 00:15:24"",""background"":-12129405,""foreground"":-13092808}",,,,,,
"#tag: {""name"":""2R"",""description"":""阅读"",""lastUsed"":""2016-02-24 14:00:29"",""background"":-12129405,""foreground"":-13092808}",,,,,,
"#tag: {""name"":""2S"",""description"":""运动"",""lastUsed"":""2015-10-20 10:20:44"",""background"":-12129405,""foreground"":-13092808}",,,,,,
"#tag: {""name"":""3OL"",""description"":""1类学习外的学习"",""lastUsed"":""2016-02-28 12:00:47"",""background"":-786581,""foreground"":-13092808}",,,,,,
"#tag: {""name"":""4BK"",""description"":""因为老板要做的，看论文、写程序"",""lastUsed"":""2016-03-01 00:45:56"",""background"":-31869,""foreground"":-13092808}",,,,,,
"#tag: {""name"":""4BR"",""description"":""因为老板要做的，跑腿之类的事"",""lastUsed"":""2015-10-22 01:45:54"",""background"":-31869,""foreground"":-13092808}",,,,,,
"#tag: {""name"":""4E"",""description"":""放松：看综艺节目，出去玩，休息日"",""lastUsed"":""2016-03-01 02:55:23"",""background"":-31869,""foreground"":-13092808}",,,,,,
"#tag: {""name"":""4O"",""description"":""必须做的无用事"",""lastUsed"":""2016-03-01 07:00:51"",""background"":-31869,""foreground"":-13092808}",,,,,,
"#tag: {""name"":""4Pr"",""description"":""个人原因"",""lastUsed"":""2016-03-01 05:10:51"",""background"":-31869,""foreground"":-13092808}",,,,,,
